Workbook
Name Set_FollowUpDays: Settings!$E$5
Name Set_DueSoonDays: Settings!$E$6
Name Set_InterviewWindow: Settings!$E$7
Name Set_MinSample: Settings!$E$8
Name App_ID: 'Applications'!$A$5:$A$1004
Name App_DateApplied: 'Applications'!$C$5:$C$1004
Name App_Company: 'Applications'!$D$5:$D$1004
Name App_JobTitle: 'Applications'!$E$5:$E$1004
Name App_URL: 'Applications'!$I$5:$I$1004
Name App_Source: 'Applications'!$J$5:$J$1004
Name App_Priority: 'Applications'!$K$5:$K$1004
Name App_Match: 'Applications'!$L$5:$L$1004
Name App_Status: 'Applications'!$M$5:$M$1004
Name App_NextAction: 'Applications'!$N$5:$N$1004
Name App_NextDate: 'Applications'!$O$5:$O$1004
Name App_Contact: 'Applications'!$P$5:$P$1004
Name App_CV: 'Applications'!$R$5:$R$1004
Name App_Skills: 'Applications'!$V$5:$V$1004
Name App_Role: 'Applications'!$Z$5:$Z$1004
Name App_RespDate: 'Applications'!$AA$5:$AA$1004
Name App_Flag: 'Applications'!$AC$5:$AC$1004
Name App_MatchCat: 'Applications'!$AD$5:$AD$1004
Name App_Furthest: 'Applications'!$AE$5:$AE$1004
Name App_DaysToResp: 'Applications'!$AF$5:$AF$1004
Name App_Stage: 'Applications'!$AG$5:$AG$1004
Name App_ActionKey: 'Applications'!$AH$5:$AH$1004
Name App_ActiveKey: 'Applications'!$AI$5:$AI$1004
Name Int_Company: 'Interviews'!$A$5:$A$304
Name Int_JobTitle: 'Interviews'!$B$5:$B$304
Name Int_Stage: 'Interviews'!$C$5:$C$304
Name Int_Date: 'Interviews'!$D$5:$D$304
Name Int_Interviewer: 'Interviews'!$E$5:$E$304
Name Int_Type: 'Interviews'!$F$5:$F$304
Name Int_Prep: 'Interviews'!$G$5:$G$304
Name Int_NextStep: 'Interviews'!$L$5:$L$304
Name Int_Key: 'Interviews'!$O$5:$O$304
Name Co_Company: 'Companies'!$A$5:$A$304
Name Ct_Name: 'Contacts'!$A$5:$A$504
Name Ct_Company: 'Contacts'!$B$5:$B$504
Name Ct_JobTitle: 'Contacts'!$C$5:$C$504
Name Ct_LinkedIn: 'Contacts'!$D$5:$D$504
Name Ct_Relationship: 'Contacts'!$F$5:$F$504
Name Ct_Contacted: 'Contacts'!$G$5:$G$504
Name Ct_Response: 'Contacts'!$I$5:$I$504
Name Ct_FollowUp: 'Contacts'!$J$5:$J$504
Name Ct_RefPotential: 'Contacts'!$K$5:$K$504
Name Ct_Notes: 'Contacts'!$L$5:$L$504
Name Ct_Key: 'Contacts'!$M$5:$M$504

Sheet Job Search Dashboard
B1: Job Search Dashboard | I1: As of | J1: =TODAY()
B2: AI Engineer · Generative AI · Agentic AI · AI Automation · AI Solutions — Stuttgart region, Germany & remote
B4: OVERVIEW
B5: Total Applications | D5: Applications This Week | G5: Applications This Month | I5: Active Applications
B6: =COUNTIFS(App_Stage,">=1") | D6: =COUNTIFS(App_DateApplied,">="&(TODAY()-WEEKDAY(TODAY(),2)+1),App_DateApplied,"<"&(TODAY()-WEEKDAY(TODAY(),2)+8)) | G6: =COUNTIFS(App_DateApplied,">="&DATE(YEAR(TODAY()),MONTH(TODAY()),1),App_DateApplied,"<"&(EOMONTH(TODAY(),0)+1)) | I6: =COUNTIFS(App_Stage,">=1",App_Stage,"<=6",App_Status,"<>Rejected",App_Status,"<>Withdrawn")
B7: submitted (beyond Wishlist) | D7: Mon–Sun, by Date Applied | G7: calendar month, by Date Applied | I7: Applied → Offer, still open
B9: Interviews | D9: Final Rounds | G9: Offers | I9: Accepted
B10: =COUNTIFS(App_Stage,">=3") | D10: =COUNTIFS(App_Stage,">=5") | G10: =COUNTIFS(App_Stage,">=6") | I10: =COUNTIF(App_Status,"Accepted")
B11: reached Interview 1 or later | D11: reached the final round | G11: offers received | I11: offers accepted
B13: =IF($M$13=0,"✓ Nothing due — all follow-ups are on track.","Today: "&'Follow-Ups'!$B$6&" overdue · "&'Follow-Ups'!$C$6&" due today · "&'Follow-Ups'!$D$6&" no response · "&'Follow-Ups'!$E$6&" due soon · "&'Follow-Ups'!$F$6&" contact follow-ups · "&'Follow-Ups'!$G$6&" upcoming interviews → Follow-Ups tab") | L13: ='Follow-Ups'!$B$6 | M13: =SUM('Follow-Ups'!$B$6:$G$6)
B15: PIPELINE · CURRENT STATUS | G15: CONVERSION
B16: Status | D16: Count | G16: Metric | I16: Rate | J16: Basis
B17: Wishlist | D17: =COUNTIF(App_Status,$B17) | E17: =IF(OR(NOT(ISNUMBER(D17)),MAX($D$17:$D$26)<=0),"",IF(D17<=0,"",REPT("█",MAX(1,ROUND(D17/MAX($D$17:$D$26)*14,0))))) | G17: Application → Interview | I17: =IF(B6=0,"–",B10/B6) | J17: =B10&" of "&B6
B18: Applied | D18: =COUNTIF(App_Status,$B18) | E18: =IF(OR(NOT(ISNUMBER(D18)),MAX($D$17:$D$26)<=0),"",IF(D18<=0,"",REPT("█",MAX(1,ROUND(D18/MAX($D$17:$D$26)*14,0))))) | G18: Interview → Final | I18: =IF(B10=0,"–",D10/B10) | J18: =D10&" of "&B10
B19: Screening | D19: =COUNTIF(App_Status,$B19) | E19: =IF(OR(NOT(ISNUMBER(D19)),MAX($D$17:$D$26)<=0),"",IF(D19<=0,"",REPT("█",MAX(1,ROUND(D19/MAX($D$17:$D$26)*14,0))))) | G19: Final → Offer | I19: =IF(D10=0,"–",G10/D10) | J19: =G10&" of "&D10
B20: Interview 1 | D20: =COUNTIF(App_Status,$B20) | E20: =IF(OR(NOT(ISNUMBER(D20)),MAX($D$17:$D$26)<=0),"",IF(D20<=0,"",REPT("█",MAX(1,ROUND(D20/MAX($D$17:$D$26)*14,0))))) | G20: Overall Offer Rate | I20: =IF(B6=0,"–",G10/B6) | J20: =G10&" of "&B6
B21: Interview 2 | D21: =COUNTIF(App_Status,$B21) | E21: =IF(OR(NOT(ISNUMBER(D21)),MAX($D$17:$D$26)<=0),"",IF(D21<=0,"",REPT("█",MAX(1,ROUND(D21/MAX($D$17:$D$26)*14,0))))) | G21: Avg. Days to First Response | I21: =IF(COUNT(App_DaysToResp)=0,"–",AVERAGE(App_DaysToResp)) | J21: ="from "&COUNT(App_DaysToResp)&" replies"
B22: Final | D22: =COUNTIF(App_Status,$B22) | E22: =IF(OR(NOT(ISNUMBER(D22)),MAX($D$17:$D$26)<=0),"",IF(D22<=0,"",REPT("█",MAX(1,ROUND(D22/MAX($D$17:$D$26)*14,0)))))
B23: Offer | D23: =COUNTIF(App_Status,$B23) | E23: =IF(OR(NOT(ISNUMBER(D23)),MAX($D$17:$D$26)<=0),"",IF(D23<=0,"",REPT("█",MAX(1,ROUND(D23/MAX($D$17:$D$26)*14,0))))) | G23: DATA CHECKS
B24: Accepted | D24: =COUNTIF(App_Status,$B24) | E24: =IF(OR(NOT(ISNUMBER(D24)),MAX($D$17:$D$26)<=0),"",IF(D24<=0,"",REPT("█",MAX(1,ROUND(D24/MAX($D$17:$D$26)*14,0))))) | G24: Submitted, but no Date Applied | I24: =SUMPRODUCT(ISNUMBER(App_Stage)*(App_Stage>=1)*NOT(ISNUMBER(App_DateApplied))) | J24: =IF(I24=0,"✓ ok","⚠ fix on Applications")
B25: Rejected | D25: =COUNTIF(App_Status,$B25) | E25: =IF(OR(NOT(ISNUMBER(D25)),MAX($D$17:$D$26)<=0),"",IF(D25<=0,"",REPT("█",MAX(1,ROUND(D25/MAX($D$17:$D$26)*14,0))))) | G25: Submitted, but no Role Category | I25: =SUMPRODUCT(ISNUMBER(App_Stage)*(App_Stage>=1)*(App_Role="")) | J25: =IF(I25=0,"✓ ok","⚠ fix on Applications")
B26: Withdrawn | D26: =COUNTIF(App_Status,$B26) | E26: =IF(OR(NOT(ISNUMBER(D26)),MAX($D$17:$D$26)<=0),"",IF(D26<=0,"",REPT("█",MAX(1,ROUND(D26/MAX($D$17:$D$26)*14,0))))) | G26: Duplicate Application IDs | I26: =SUMPRODUCT(ISNUMBER(App_ID)*(COUNTIF(App_ID,App_ID)>1)) | J26: =IF(I26=0,"✓ ok","⚠ fix on Applications")
B28: APPLICATIONS BY ROLE | G28: APPLICATIONS BY SOURCE
D29: Apps | I29: Apps
B30: =Settings!$J$13 | D30: =COUNTIFS(App_Role,$B30,App_Stage,">=1") | E30: =IF(OR(NOT(ISNUMBER(D30)),MAX($D$30:$D$41)<=0),"",IF(D30<=0,"",REPT("█",MAX(1,ROUND(D30/MAX($D$30:$D$41)*14,0))))) | G30: =Settings!$D$13 | I30: =COUNTIFS(App_Source,$G30,App_Stage,">=1") | J30: =IF(OR(NOT(ISNUMBER(I30)),MAX($I$30:$I$40)<=0),"",IF(I30<=0,"",REPT("█",MAX(1,ROUND(I30/MAX($I$30:$I$40)*14,0)))))
B31: =Settings!$J$14 | D31: =COUNTIFS(App_Role,$B31,App_Stage,">=1") | E31: =IF(OR(NOT(ISNUMBER(D31)),MAX($D$30:$D$41)<=0),"",IF(D31<=0,"",REPT("█",MAX(1,ROUND(D31/MAX($D$30:$D$41)*14,0))))) | G31: =Settings!$D$14 | I31: =COUNTIFS(App_Source,$G31,App_Stage,">=1") | J31: =IF(OR(NOT(ISNUMBER(I31)),MAX($I$30:$I$40)<=0),"",IF(I31<=0,"",REPT("█",MAX(1,ROUND(I31/MAX($I$30:$I$40)*14,0)))))
B32: =Settings!$J$15 | D32: =COUNTIFS(App_Role,$B32,App_Stage,">=1") | E32: =IF(OR(NOT(ISNUMBER(D32)),MAX($D$30:$D$41)<=0),"",IF(D32<=0,"",REPT("█",MAX(1,ROUND(D32/MAX($D$30:$D$41)*14,0))))) | G32: =Settings!$D$15 | I32: =COUNTIFS(App_Source,$G32,App_Stage,">=1") | J32: =IF(OR(NOT(ISNUMBER(I32)),MAX($I$30:$I$40)<=0),"",IF(I32<=0,"",REPT("█",MAX(1,ROUND(I32/MAX($I$30:$I$40)*14,0)))))
B33: =Settings!$J$16 | D33: =COUNTIFS(App_Role,$B33,App_Stage,">=1") | E33: =IF(OR(NOT(ISNUMBER(D33)),MAX($D$30:$D$41)<=0),"",IF(D33<=0,"",REPT("█",MAX(1,ROUND(D33/MAX($D$30:$D$41)*14,0))))) | G33: =Settings!$D$16 | I33: =COUNTIFS(App_Source,$G33,App_Stage,">=1") | J33: =IF(OR(NOT(ISNUMBER(I33)),MAX($I$30:$I$40)<=0),"",IF(I33<=0,"",REPT("█",MAX(1,ROUND(I33/MAX($I$30:$I$40)*14,0)))))
B34: =Settings!$J$17 | D34: =COUNTIFS(App_Role,$B34,App_Stage,">=1") | E34: =IF(OR(NOT(ISNUMBER(D34)),MAX($D$30:$D$41)<=0),"",IF(D34<=0,"",REPT("█",MAX(1,ROUND(D34/MAX($D$30:$D$41)*14,0))))) | G34: =Settings!$D$17 | I34: =COUNTIFS(App_Source,$G34,App_Stage,">=1") | J34: =IF(OR(NOT(ISNUMBER(I34)),MAX($I$30:$I$40)<=0),"",IF(I34<=0,"",REPT("█",MAX(1,ROUND(I34/MAX($I$30:$I$40)*14,0)))))
B35: =Settings!$J$18 | D35: =COUNTIFS(App_Role,$B35,App_Stage,">=1") | E35: =IF(OR(NOT(ISNUMBER(D35)),MAX($D$30:$D$41)<=0),"",IF(D35<=0,"",REPT("█",MAX(1,ROUND(D35/MAX($D$30:$D$41)*14,0))))) | G35: =Settings!$D$18 | I35: =COUNTIFS(App_Source,$G35,App_Stage,">=1") | J35: =IF(OR(NOT(ISNUMBER(I35)),MAX($I$30:$I$40)<=0),"",IF(I35<=0,"",REPT("█",MAX(1,ROUND(I35/MAX($I$30:$I$40)*14,0)))))
B36: =Settings!$J$19 | D36: =COUNTIFS(App_Role,$B36,App_Stage,">=1") | E36: =IF(OR(NOT(ISNUMBER(D36)),MAX($D$30:$D$41)<=0),"",IF(D36<=0,"",REPT("█",MAX(1,ROUND(D36/MAX($D$30:$D$41)*14,0))))) | G36: =Settings!$D$19 | I36: =COUNTIFS(App_Source,$G36,App_Stage,">=1") | J36: =IF(OR(NOT(ISNUMBER(I36)),MAX($I$30:$I$40)<=0),"",IF(I36<=0,"",REPT("█",MAX(1,ROUND(I36/MAX($I$30:$I$40)*14,0)))))
B37: =Settings!$J$20 | D37: =COUNTIFS(App_Role,$B37,App_Stage,">=1") | E37: =IF(OR(NOT(ISNUMBER(D37)),MAX($D$30:$D$41)<=0),"",IF(D37<=0,"",REPT("█",MAX(1,ROUND(D37/MAX($D$30:$D$41)*14,0))))) | G37: =Settings!$D$20 | I37: =COUNTIFS(App_Source,$G37,App_Stage,">=1") | J37: =IF(OR(NOT(ISNUMBER(I37)),MAX($I$30:$I$40)<=0),"",IF(I37<=0,"",REPT("█",MAX(1,ROUND(I37/MAX($I$30:$I$40)*14,0)))))
B38: =Settings!$J$21 | D38: =COUNTIFS(App_Role,$B38,App_Stage,">=1") | E38: =IF(OR(NOT(ISNUMBER(D38)),MAX($D$30:$D$41)<=0),"",IF(D38<=0,"",REPT("█",MAX(1,ROUND(D38/MAX($D$30:$D$41)*14,0))))) | G38: =Settings!$D$21 | I38: =COUNTIFS(App_Source,$G38,App_Stage,">=1") | J38: =IF(OR(NOT(ISNUMBER(I38)),MAX($I$30:$I$40)<=0),"",IF(I38<=0,"",REPT("█",MAX(1,ROUND(I38/MAX($I$30:$I$40)*14,0)))))
B39: =Settings!$J$22 | D39: =COUNTIFS(App_Role,$B39,App_Stage,">=1") | E39: =IF(OR(NOT(ISNUMBER(D39)),MAX($D$30:$D$41)<=0),"",IF(D39<=0,"",REPT("█",MAX(1,ROUND(D39/MAX($D$30:$D$41)*14,0))))) | G39: =Settings!$D$22 | I39: =COUNTIFS(App_Source,$G39,App_Stage,">=1") | J39: =IF(OR(NOT(ISNUMBER(I39)),MAX($I$30:$I$40)<=0),"",IF(I39<=0,"",REPT("█",MAX(1,ROUND(I39/MAX($I$30:$I$40)*14,0)))))
B40: =Settings!$J$23 | D40: =COUNTIFS(App_Role,$B40,App_Stage,">=1") | E40: =IF(OR(NOT(ISNUMBER(D40)),MAX($D$30:$D$41)<=0),"",IF(D40<=0,"",REPT("█",MAX(1,ROUND(D40/MAX($D$30:$D$41)*14,0))))) | G40: Not set | I40: =MAX(0,B6-SUM(I30:I39)) | J40: =IF(OR(NOT(ISNUMBER(I40)),MAX($I$30:$I$40)<=0),"",IF(I40<=0,"",REPT("█",MAX(1,ROUND(I40/MAX($I$30:$I$40)*14,0)))))
B41: Not set | D41: =MAX(0,B6-SUM(D30:D40)) | E41: =IF(OR(NOT(ISNUMBER(D41)),MAX($D$30:$D$41)<=0),"",IF(D41<=0,"",REPT("█",MAX(1,ROUND(D41/MAX($D$30:$D$41)*14,0)))))
B43: MATCH QUALITY · YOUR OWN ASSESSMENT | G43: TOP PERFORMERS · INTERVIEW RATE
D44: Apps
B45: Excellent Match · 90–100% | D45: =COUNTIFS(App_MatchCat,"Excellent Match",App_Stage,">=1") | E45: =IF(OR(NOT(ISNUMBER(D45)),MAX($D$45:$D$49)<=0),"",IF(D45<=0,"",REPT("█",MAX(1,ROUND(D45/MAX($D$45:$D$49)*14,0))))) | G45: CV version | H45: =Analytics!C23
B46: Strong Match · 75–89% | D46: =COUNTIFS(App_MatchCat,"Strong Match",App_Stage,">=1") | E46: =IF(OR(NOT(ISNUMBER(D46)),MAX($D$45:$D$49)<=0),"",IF(D46<=0,"",REPT("█",MAX(1,ROUND(D46/MAX($D$45:$D$49)*14,0))))) | G46: Source | H46: =Analytics!C56
B47: Moderate Match · 60–74% | D47: =COUNTIFS(App_MatchCat,"Moderate Match",App_Stage,">=1") | E47: =IF(OR(NOT(ISNUMBER(D47)),MAX($D$45:$D$49)<=0),"",IF(D47<=0,"",REPT("█",MAX(1,ROUND(D47/MAX($D$45:$D$49)*14,0))))) | G47: Role category | H47: =Analytics!C40
B48: Low Match · below 60% | D48: =COUNTIFS(App_MatchCat,"Low Match",App_Stage,">=1") | E48: =IF(OR(NOT(ISNUMBER(D48)),MAX($D$45:$D$49)<=0),"",IF(D48<=0,"",REPT("█",MAX(1,ROUND(D48/MAX($D$45:$D$49)*14,0))))) | G48: Match band | H48: =Analytics!C66
B49: Not rated | D49: =MAX(0,B6-SUM(D45:D48)) | E49: =IF(OR(NOT(ISNUMBER(D49)),MAX($D$45:$D$49)<=0),"",IF(D49<=0,"",REPT("█",MAX(1,ROUND(D49/MAX($D$45:$D$49)*14,0))))) | G49: ="Groups need ≥ "&Set_MinSample&" applications · details on Analytics"
B51: APPLICATIONS PER WEEK · LAST 12 WEEKS
B66: New here? The Guide tab explains every column, colour and metric.

Sheet Follow-Ups
B1: Follow-Ups
B2: Everything that needs your attention, most urgent first. Fills itself from Applications, Contacts and Interviews.
B3: ="No-response threshold: "&Set_FollowUpDays&" days · Due-soon window: "&Set_DueSoonDays&" days · Upcoming interviews: next "&Set_InterviewWindow&" days · change these on Settings"
B5: Follow Up Required | C5: Action Due Today | D5: No Response Yet | E5: Due Soon | F5: Contact Follow-ups | G5: Upcoming Interviews
B6: =COUNTIF(App_Flag,"FOLLOW UP REQUIRED") | C6: =COUNTIF(App_Flag,"ACTION DUE TODAY") | D6: =COUNTIF(App_Flag,"NO RESPONSE") | E6: =COUNTIF(App_Flag,"DUE SOON") | F6: =COUNT(Ct_Key) | G6: =COUNT(Int_Key)
B8: APPLICATIONS — ACTION LIST (OVERDUE FIRST, THEN DUE TODAY, NO RESPONSE, DUE SOON)
B9: Action Flag | C9: Company | D9: Job Title | E9: Status | F9: Next Action | G9: Next Action Date | H9: Days Overdue | I9: Date Applied | J9: Days Since Applied | K9: Priority | L9: Recruiter / Hiring Manager | M9: Job Link
B10: =IF($N10="","",INDEX(App_Flag,$N10)&"") | C10: =IF($N10="","",INDEX(App_Company,$N10)&"") | D10: =IF($N10="","",INDEX(App_JobTitle,$N10)&"") | E10: =IF($N10="","",INDEX(App_Status,$N10)&"") | F10: =IF($N10="","",INDEX(App_NextAction,$N10)&"") | G10: =IF($N10="","",IF(ISNUMBER(INDEX(App_NextDate,$N10)),INDEX(App_NextDate,$N10),"")) | H10: =IF($N10="","",IF(ISNUMBER(INDEX(App_NextDate,$N10)),IF(INT(INDEX(App_NextDate,$N10))<TODAY(),TODAY()-INT(INDEX(App_NextDate,$N10)),""),"")) | I10: =IF($N10="","",IF(ISNUMBER(INDEX(App_DateApplied,$N10)),INDEX(App_DateApplied,$N10),"")) | J10: =IF($N10="","",IF(ISNUMBER(INDEX(App_DateApplied,$N10)),TODAY()-INT(INDEX(App_DateApplied,$N10)),"")) | K10: =IF($N10="","",INDEX(App_Priority,$N10)&"") | L10: =IF($N10="","",INDEX(App_Contact,$N10)&"") | M10: =IF($N10="","",IF(INDEX(App_URL,$N10)="","",HYPERLINK(INDEX(App_URL,$N10),"Open ↗"))) | N10: =IFERROR(MATCH(SMALL(App_ActionKey,1),App_ActionKey,0),"")
B11: =IF($N11="","",INDEX(App_Flag,$N11)&"") | C11: =IF($N11="","",INDEX(App_Company,$N11)&"") | D11: =IF($N11="","",INDEX(App_JobTitle,$N11)&"") | E11: =IF($N11="","",INDEX(App_Status,$N11)&"") | F11: =IF($N11="","",INDEX(App_NextAction,$N11)&"") | G11: =IF($N11="","",IF(ISNUMBER(INDEX(App_NextDate,$N11)),INDEX(App_NextDate,$N11),"")) | H11: =IF($N11="","",IF(ISNUMBER(INDEX(App_NextDate,$N11)),IF(INT(INDEX(App_NextDate,$N11))<TODAY(),TODAY()-INT(INDEX(App_NextDate,$N11)),""),"")) | I11: =IF($N11="","",IF(ISNUMBER(INDEX(App_DateApplied,$N11)),INDEX(App_DateApplied,$N11),"")) | J11: =IF($N11="","",IF(ISNUMBER(INDEX(App_DateApplied,$N11)),TODAY()-INT(INDEX(App_DateApplied,$N11)),"")) | K11: =IF($N11="","",INDEX(App_Priority,$N11)&"") | L11: =IF($N11="","",INDEX(App_Contact,$N11)&"") | M11: =IF($N11="","",IF(INDEX(App_URL,$N11)="","",HYPERLINK(INDEX(App_URL,$N11),"Open ↗"))) | N11: =IFERROR(MATCH(SMALL(App_ActionKey,2),App_ActionKey,0),"")
B12: =IF($N12="","",INDEX(App_Flag,$N12)&"") | C12: =IF($N12="","",INDEX(App_Company,$N12)&"") | D12: =IF($N12="","",INDEX(App_JobTitle,$N12)&"") | E12: =IF($N12="","",INDEX(App_Status,$N12)&"") | F12: =IF($N12="","",INDEX(App_NextAction,$N12)&"") | G12: =IF($N12="","",IF(ISNUMBER(INDEX(App_NextDate,$N12)),INDEX(App_NextDate,$N12),"")) | H12: =IF($N12="","",IF(ISNUMBER(INDEX(App_NextDate,$N12)),IF(INT(INDEX(App_NextDate,$N12))<TODAY(),TODAY()-INT(INDEX(App_NextDate,$N12)),""),"")) | I12: =IF($N12="","",IF(ISNUMBER(INDEX(App_DateApplied,$N12)),INDEX(App_DateApplied,$N12),"")) | J12: =IF($N12="","",IF(ISNUMBER(INDEX(App_DateApplied,$N12)),TODAY()-INT(INDEX(App_DateApplied,$N12)),"")) | K12: =IF($N12="","",INDEX(App_Priority,$N12)&"") | L12: =IF($N12="","",INDEX(App_Contact,$N12)&"") | M12: =IF($N12="","",IF(INDEX(App_URL,$N12)="","",HYPERLINK(INDEX(App_URL,$N12),"Open ↗"))) | N12: =IFERROR(MATCH(SMALL(App_ActionKey,3),App_ActionKey,0),"")
B13: =IF($N13="","",INDEX(App_Flag,$N13)&"") | C13: =IF($N13="","",INDEX(App_Company,$N13)&"") | D13: =IF($N13="","",INDEX(App_JobTitle,$N13)&"") | E13: =IF($N13="","",INDEX(App_Status,$N13)&"") | F13: =IF($N13="","",INDEX(App_NextAction,$N13)&"") | G13: =IF($N13="","",IF(ISNUMBER(INDEX(App_NextDate,$N13)),INDEX(App_NextDate,$N13),"")) | H13: =IF($N13="","",IF(ISNUMBER(INDEX(App_NextDate,$N13)),IF(INT(INDEX(App_NextDate,$N13))<TODAY(),TODAY()-INT(INDEX(App_NextDate,$N13)),""),"")) | I13: =IF($N13="","",IF(ISNUMBER(INDEX(App_DateApplied,$N13)),INDEX(App_DateApplied,$N13),"")) | J13: =IF($N13="","",IF(ISNUMBER(INDEX(App_DateApplied,$N13)),TODAY()-INT(INDEX(App_DateApplied,$N13)),"")) | K13: =IF($N13="","",INDEX(App_Priority,$N13)&"") | L13: =IF($N13="","",INDEX(App_Contact,$N13)&"") | M13: =IF($N13="","",IF(INDEX(App_URL,$N13)="","",HYPERLINK(INDEX(App_URL,$N13),"Open ↗"))) | N13: =IFERROR(MATCH(SMALL(App_ActionKey,4),App_ActionKey,0),"")
B14: =IF($N14="","",INDEX(App_Flag,$N14)&"") | C14: =IF($N14="","",INDEX(App_Company,$N14)&"") | D14: =IF($N14="","",INDEX(App_JobTitle,$N14)&"") | E14: =IF($N14="","",INDEX(App_Status,$N14)&"") | F14: =IF($N14="","",INDEX(App_NextAction,$N14)&"") | G14: =IF($N14="","",IF(ISNUMBER(INDEX(App_NextDate,$N14)),INDEX(App_NextDate,$N14),"")) | H14: =IF($N14="","",IF(ISNUMBER(INDEX(App_NextDate,$N14)),IF(INT(INDEX(App_NextDate,$N14))<TODAY(),TODAY()-INT(INDEX(App_NextDate,$N14)),""),"")) | I14: =IF($N14="","",IF(ISNUMBER(INDEX(App_DateApplied,$N14)),INDEX(App_DateApplied,$N14),"")) | J14: =IF($N14="","",IF(ISNUMBER(INDEX(App_DateApplied,$N14)),TODAY()-INT(INDEX(App_DateApplied,$N14)),"")) | K14: =IF($N14="","",INDEX(App_Priority,$N14)&"") | L14: =IF($N14="","",INDEX(App_Contact,$N14)&"") | M14: =IF($N14="","",IF(INDEX(App_URL,$N14)="","",HYPERLINK(INDEX(App_URL,$N14),"Open ↗"))) | N14: =IFERROR(MATCH(SMALL(App_ActionKey,5),App_ActionKey,0),"")
B15: =IF($N15="","",INDEX(App_Flag,$N15)&"") | C15: =IF($N15="","",INDEX(App_Company,$N15)&"") | D15: =IF($N15="","",INDEX(App_JobTitle,$N15)&"") | E15: =IF($N15="","",INDEX(App_Status,$N15)&"") | F15: =IF($N15="","",INDEX(App_NextAction,$N15)&"") | G15: =IF($N15="","",IF(ISNUMBER(INDEX(App_NextDate,$N15)),INDEX(App_NextDate,$N15),"")) | H15: =IF($N15="","",IF(ISNUMBER(INDEX(App_NextDate,$N15)),IF(INT(INDEX(App_NextDate,$N15))<TODAY(),TODAY()-INT(INDEX(App_NextDate,$N15)),""),"")) | I15: =IF($N15="","",IF(ISNUMBER(INDEX(App_DateApplied,$N15)),INDEX(App_DateApplied,$N15),"")) | J15: =IF($N15="","",IF(ISNUMBER(INDEX(App_DateApplied,$N15)),TODAY()-INT(INDEX(App_DateApplied,$N15)),"")) | K15: =IF($N15="","",INDEX(App_Priority,$N15)&"") | L15: =IF($N15="","",INDEX(App_Contact,$N15)&"") | M15: =IF($N15="","",IF(INDEX(App_URL,$N15)="","",HYPERLINK(INDEX(App_URL,$N15),"Open ↗"))) | N15: =IFERROR(MATCH(SMALL(App_ActionKey,6),App_ActionKey,0),"")
B16: =IF($N16="","",INDEX(App_Flag,$N16)&"") | C16: =IF($N16="","",INDEX(App_Company,$N16)&"") | D16: =IF($N16="","",INDEX(App_JobTitle,$N16)&"") | E16: =IF($N16="","",INDEX(App_Status,$N16)&"") | F16: =IF($N16="","",INDEX(App_NextAction,$N16)&"") | G16: =IF($N16="","",IF(ISNUMBER(INDEX(App_NextDate,$N16)),INDEX(App_NextDate,$N16),"")) | H16: =IF($N16="","",IF(ISNUMBER(INDEX(App_NextDate,$N16)),IF(INT(INDEX(App_NextDate,$N16))<TODAY(),TODAY()-INT(INDEX(App_NextDate,$N16)),""),"")) | I16: =IF($N16="","",IF(ISNUMBER(INDEX(App_DateApplied,$N16)),INDEX(App_DateApplied,$N16),"")) | J16: =IF($N16="","",IF(ISNUMBER(INDEX(App_DateApplied,$N16)),TODAY()-INT(INDEX(App_DateApplied,$N16)),"")) | K16: =IF($N16="","",INDEX(App_Priority,$N16)&"") | L16: =IF($N16="","",INDEX(App_Contact,$N16)&"") | M16: =IF($N16="","",IF(INDEX(App_URL,$N16)="","",HYPERLINK(INDEX(App_URL,$N16),"Open ↗"))) | N16: =IFERROR(MATCH(SMALL(App_ActionKey,7),App_ActionKey,0),"")
B17: =IF($N17="","",INDEX(App_Flag,$N17)&"") | C17: =IF($N17="","",INDEX(App_Company,$N17)&"") | D17: =IF($N17="","",INDEX(App_JobTitle,$N17)&"") | E17: =IF($N17="","",INDEX(App_Status,$N17)&"") | F17: =IF($N17="","",INDEX(App_NextAction,$N17)&"") | G17: =IF($N17="","",IF(ISNUMBER(INDEX(App_NextDate,$N17)),INDEX(App_NextDate,$N17),"")) | H17: =IF($N17="","",IF(ISNUMBER(INDEX(App_NextDate,$N17)),IF(INT(INDEX(App_NextDate,$N17))<TODAY(),TODAY()-INT(INDEX(App_NextDate,$N17)),""),"")) | I17: =IF($N17="","",IF(ISNUMBER(INDEX(App_DateApplied,$N17)),INDEX(App_DateApplied,$N17),"")) | J17: =IF($N17="","",IF(ISNUMBER(INDEX(App_DateApplied,$N17)),TODAY()-INT(INDEX(App_DateApplied,$N17)),"")) | K17: =IF($N17="","",INDEX(App_Priority,$N17)&"") | L17: =IF($N17="","",INDEX(App_Contact,$N17)&"") | M17: =IF($N17="","",IF(INDEX(App_URL,$N17)="","",HYPERLINK(INDEX(App_URL,$N17),"Open ↗"))) | N17: =IFERROR(MATCH(SMALL(App_ActionKey,8),App_ActionKey,0),"")
B18: =IF($N18="","",INDEX(App_Flag,$N18)&"") | C18: =IF($N18="","",INDEX(App_Company,$N18)&"") | D18: =IF($N18="","",INDEX(App_JobTitle,$N18)&"") | E18: =IF($N18="","",INDEX(App_Status,$N18)&"") | F18: =IF($N18="","",INDEX(App_NextAction,$N18)&"") | G18: =IF($N18="","",IF(ISNUMBER(INDEX(App_NextDate,$N18)),INDEX(App_NextDate,$N18),"")) | H18: =IF($N18="","",IF(ISNUMBER(INDEX(App_NextDate,$N18)),IF(INT(INDEX(App_NextDate,$N18))<TODAY(),TODAY()-INT(INDEX(App_NextDate,$N18)),""),"")) | I18: =IF($N18="","",IF(ISNUMBER(INDEX(App_DateApplied,$N18)),INDEX(App_DateApplied,$N18),"")) | J18: =IF($N18="","",IF(ISNUMBER(INDEX(App_DateApplied,$N18)),TODAY()-INT(INDEX(App_DateApplied,$N18)),"")) | K18: =IF($N18="","",INDEX(App_Priority,$N18)&"") | L18: =IF($N18="","",INDEX(App_Contact,$N18)&"") | M18: =IF($N18="","",IF(INDEX(App_URL,$N18)="","",HYPERLINK(INDEX(App_URL,$N18),"Open ↗"))) | N18: =IFERROR(MATCH(SMALL(App_ActionKey,9),App_ActionKey,0),"")
B19: =IF($N19="","",INDEX(App_Flag,$N19)&"") | C19: =IF($N19="","",INDEX(App_Company,$N19)&"") | D19: =IF($N19="","",INDEX(App_JobTitle,$N19)&"") | E19: =IF($N19="","",INDEX(App_Status,$N19)&"") | F19: =IF($N19="","",INDEX(App_NextAction,$N19)&"") | G19: =IF($N19="","",IF(ISNUMBER(INDEX(App_NextDate,$N19)),INDEX(App_NextDate,$N19),"")) | H19: =IF($N19="","",IF(ISNUMBER(INDEX(App_NextDate,$N19)),IF(INT(INDEX(App_NextDate,$N19))<TODAY(),TODAY()-INT(INDEX(App_NextDate,$N19)),""),"")) | I19: =IF($N19="","",IF(ISNUMBER(INDEX(App_DateApplied,$N19)),INDEX(App_DateApplied,$N19),"")) | J19: =IF($N19="","",IF(ISNUMBER(INDEX(App_DateApplied,$N19)),TODAY()-INT(INDEX(App_DateApplied,$N19)),"")) | K19: =IF($N19="","",INDEX(App_Priority,$N19)&"") | L19: =IF($N19="","",INDEX(App_Contact,$N19)&"") | M19: =IF($N19="","",IF(INDEX(App_URL,$N19)="","",HYPERLINK(INDEX(App_URL,$N19),"Open ↗"))) | N19: =IFERROR(MATCH(SMALL(App_ActionKey,10),App_ActionKey,0),"")
B20: =IF($N20="","",INDEX(App_Flag,$N20)&"") | C20: =IF($N20="","",INDEX(App_Company,$N20)&"") | D20: =IF($N20="","",INDEX(App_JobTitle,$N20)&"") | E20: =IF($N20="","",INDEX(App_Status,$N20)&"") | F20: =IF($N20="","",INDEX(App_NextAction,$N20)&"") | G20: =IF($N20="","",IF(ISNUMBER(INDEX(App_NextDate,$N20)),INDEX(App_NextDate,$N20),"")) | H20: =IF($N20="","",IF(ISNUMBER(INDEX(App_NextDate,$N20)),IF(INT(INDEX(App_NextDate,$N20))<TODAY(),TODAY()-INT(INDEX(App_NextDate,$N20)),""),"")) | I20: =IF($N20="","",IF(ISNUMBER(INDEX(App_DateApplied,$N20)),INDEX(App_DateApplied,$N20),"")) | J20: =IF($N20="","",IF(ISNUMBER(INDEX(App_DateApplied,$N20)),TODAY()-INT(INDEX(App_DateApplied,$N20)),"")) | K20: =IF($N20="","",INDEX(App_Priority,$N20)&"") | L20: =IF($N20="","",INDEX(App_Contact,$N20)&"") | M20: =IF($N20="","",IF(INDEX(App_URL,$N20)="","",HYPERLINK(INDEX(App_URL,$N20),"Open ↗"))) | N20: =IFERROR(MATCH(SMALL(App_ActionKey,11),App_ActionKey,0),"")
B21: =IF($N21="","",INDEX(App_Flag,$N21)&"") | C21: =IF($N21="","",INDEX(App_Company,$N21)&"") | D21: =IF($N21="","",INDEX(App_JobTitle,$N21)&"") | E21: =IF($N21="","",INDEX(App_Status,$N21)&"") | F21: =IF($N21="","",INDEX(App_NextAction,$N21)&"") | G21: =IF($N21="","",IF(ISNUMBER(INDEX(App_NextDate,$N21)),INDEX(App_NextDate,$N21),"")) | H21: =IF($N21="","",IF(ISNUMBER(INDEX(App_NextDate,$N21)),IF(INT(INDEX(App_NextDate,$N21))<TODAY(),TODAY()-INT(INDEX(App_NextDate,$N21)),""),"")) | I21: =IF($N21="","",IF(ISNUMBER(INDEX(App_DateApplied,$N21)),INDEX(App_DateApplied,$N21),"")) | J21: =IF($N21="","",IF(ISNUMBER(INDEX(App_DateApplied,$N21)),TODAY()-INT(INDEX(App_DateApplied,$N21)),"")) | K21: =IF($N21="","",INDEX(App_Priority,$N21)&"") | L21: =IF($N21="","",INDEX(App_Contact,$N21)&"") | M21: =IF($N21="","",IF(INDEX(App_URL,$N21)="","",HYPERLINK(INDEX(App_URL,$N21),"Open ↗"))) | N21: =IFERROR(MATCH(SMALL(App_ActionKey,12),App_ActionKey,0),"")
B22: =IF($N22="","",INDEX(App_Flag,$N22)&"") | C22: =IF($N22="","",INDEX(App_Company,$N22)&"") | D22: =IF($N22="","",INDEX(App_JobTitle,$N22)&"") | E22: =IF($N22="","",INDEX(App_Status,$N22)&"") | F22: =IF($N22="","",INDEX(App_NextAction,$N22)&"") | G22: =IF($N22="","",IF(ISNUMBER(INDEX(App_NextDate,$N22)),INDEX(App_NextDate,$N22),"")) | H22: =IF($N22="","",IF(ISNUMBER(INDEX(App_NextDate,$N22)),IF(INT(INDEX(App_NextDate,$N22))<TODAY(),TODAY()-INT(INDEX(App_NextDate,$N22)),""),"")) | I22: =IF($N22="","",IF(ISNUMBER(INDEX(App_DateApplied,$N22)),INDEX(App_DateApplied,$N22),"")) | J22: =IF($N22="","",IF(ISNUMBER(INDEX(App_DateApplied,$N22)),TODAY()-INT(INDEX(App_DateApplied,$N22)),"")) | K22: =IF($N22="","",INDEX(App_Priority,$N22)&"") | L22: =IF($N22="","",INDEX(App_Contact,$N22)&"") | M22: =IF($N22="","",IF(INDEX(App_URL,$N22)="","",HYPERLINK(INDEX(App_URL,$N22),"Open ↗"))) | N22: =IFERROR(MATCH(SMALL(App_ActionKey,13),App_ActionKey,0),"")
B23: =IF($N23="","",INDEX(App_Flag,$N23)&"") | C23: =IF($N23="","",INDEX(App_Company,$N23)&"") | D23: =IF($N23="","",INDEX(App_JobTitle,$N23)&"") | E23: =IF($N23="","",INDEX(App_Status,$N23)&"") | F23: =IF($N23="","",INDEX(App_NextAction,$N23)&"") | G23: =IF($N23="","",IF(ISNUMBER(INDEX(App_NextDate,$N23)),INDEX(App_NextDate,$N23),"")) | H23: =IF($N23="","",IF(ISNUMBER(INDEX(App_NextDate,$N23)),IF(INT(INDEX(App_NextDate,$N23))<TODAY(),TODAY()-INT(INDEX(App_NextDate,$N23)),""),"")) | I23: =IF($N23="","",IF(ISNUMBER(INDEX(App_DateApplied,$N23)),INDEX(App_DateApplied,$N23),"")) | J23: =IF($N23="","",IF(ISNUMBER(INDEX(App_DateApplied,$N23)),TODAY()-INT(INDEX(App_DateApplied,$N23)),"")) | K23: =IF($N23="","",INDEX(App_Priority,$N23)&"") | L23: =IF($N23="","",INDEX(App_Contact,$N23)&"") | M23: =IF($N23="","",IF(INDEX(App_URL,$N23)="","",HYPERLINK(INDEX(App_URL,$N23),"Open ↗"))) | N23: =IFERROR(MATCH(SMALL(App_ActionKey,14),App_ActionKey,0),"")
B24: =IF($N24="","",INDEX(App_Flag,$N24)&"") | C24: =IF($N24="","",INDEX(App_Company,$N24)&"") | D24: =IF($N24="","",INDEX(App_JobTitle,$N24)&"") | E24: =IF($N24="","",INDEX(App_Status,$N24)&"") | F24: =IF($N24="","",INDEX(App_NextAction,$N24)&"") | G24: =IF($N24="","",IF(ISNUMBER(INDEX(App_NextDate,$N24)),INDEX(App_NextDate,$N24),"")) | H24: =IF($N24="","",IF(ISNUMBER(INDEX(App_NextDate,$N24)),IF(INT(INDEX(App_NextDate,$N24))<TODAY(),TODAY()-INT(INDEX(App_NextDate,$N24)),""),"")) | I24: =IF($N24="","",IF(ISNUMBER(INDEX(App_DateApplied,$N24)),INDEX(App_DateApplied,$N24),"")) | J24: =IF($N24="","",IF(ISNUMBER(INDEX(App_DateApplied,$N24)),TODAY()-INT(INDEX(App_DateApplied,$N24)),"")) | K24: =IF($N24="","",INDEX(App_Priority,$N24)&"") | L24: =IF($N24="","",INDEX(App_Contact,$N24)&"") | M24: =IF($N24="","",IF(INDEX(App_URL,$N24)="","",HYPERLINK(INDEX(App_URL,$N24),"Open ↗"))) | N24: =IFERROR(MATCH(SMALL(App_ActionKey,15),App_ActionKey,0),"")
B25: =IF($N25="","",INDEX(App_Flag,$N25)&"") | C25: =IF($N25="","",INDEX(App_Company,$N25)&"") | D25: =IF($N25="","",INDEX(App_JobTitle,$N25)&"") | E25: =IF($N25="","",INDEX(App_Status,$N25)&"") | F25: =IF($N25="","",INDEX(App_NextAction,$N25)&"") | G25: =IF($N25="","",IF(ISNUMBER(INDEX(App_NextDate,$N25)),INDEX(App_NextDate,$N25),"")) | H25: =IF($N25="","",IF(ISNUMBER(INDEX(App_NextDate,$N25)),IF(INT(INDEX(App_NextDate,$N25))<TODAY(),TODAY()-INT(INDEX(App_NextDate,$N25)),""),"")) | I25: =IF($N25="","",IF(ISNUMBER(INDEX(App_DateApplied,$N25)),INDEX(App_DateApplied,$N25),"")) | J25: =IF($N25="","",IF(ISNUMBER(INDEX(App_DateApplied,$N25)),TODAY()-INT(INDEX(App_DateApplied,$N25)),"")) | K25: =IF($N25="","",INDEX(App_Priority,$N25)&"") | L25: =IF($N25="","",INDEX(App_Contact,$N25)&"") | M25: =IF($N25="","",IF(INDEX(App_URL,$N25)="","",HYPERLINK(INDEX(App_URL,$N25),"Open ↗"))) | N25: =IFERROR(MATCH(SMALL(App_ActionKey,16),App_ActionKey,0),"")
B26: =IF($N26="","",INDEX(App_Flag,$N26)&"") | C26: =IF($N26="","",INDEX(App_Company,$N26)&"") | D26: =IF($N26="","",INDEX(App_JobTitle,$N26)&"") | E26: =IF($N26="","",INDEX(App_Status,$N26)&"") | F26: =IF($N26="","",INDEX(App_NextAction,$N26)&"") | G26: =IF($N26="","",IF(ISNUMBER(INDEX(App_NextDate,$N26)),INDEX(App_NextDate,$N26),"")) | H26: =IF($N26="","",IF(ISNUMBER(INDEX(App_NextDate,$N26)),IF(INT(INDEX(App_NextDate,$N26))<TODAY(),TODAY()-INT(INDEX(App_NextDate,$N26)),""),"")) | I26: =IF($N26="","",IF(ISNUMBER(INDEX(App_DateApplied,$N26)),INDEX(App_DateApplied,$N26),"")) | J26: =IF($N26="","",IF(ISNUMBER(INDEX(App_DateApplied,$N26)),TODAY()-INT(INDEX(App_DateApplied,$N26)),"")) | K26: =IF($N26="","",INDEX(App_Priority,$N26)&"") | L26: =IF($N26="","",INDEX(App_Contact,$N26)&"") | M26: =IF($N26="","",IF(INDEX(App_URL,$N26)="","",HYPERLINK(INDEX(App_URL,$N26),"Open ↗"))) | N26: =IFERROR(MATCH(SMALL(App_ActionKey,17),App_ActionKey,0),"")
B27: =IF($N27="","",INDEX(App_Flag,$N27)&"") | C27: =IF($N27="","",INDEX(App_Company,$N27)&"") | D27: =IF($N27="","",INDEX(App_JobTitle,$N27)&"") | E27: =IF($N27="","",INDEX(App_Status,$N27)&"") | F27: =IF($N27="","",INDEX(App_NextAction,$N27)&"") | G27: =IF($N27="","",IF(ISNUMBER(INDEX(App_NextDate,$N27)),INDEX(App_NextDate,$N27),"")) | H27: =IF($N27="","",IF(ISNUMBER(INDEX(App_NextDate,$N27)),IF(INT(INDEX(App_NextDate,$N27))<TODAY(),TODAY()-INT(INDEX(App_NextDate,$N27)),""),"")) | I27: =IF($N27="","",IF(ISNUMBER(INDEX(App_DateApplied,$N27)),INDEX(App_DateApplied,$N27),"")) | J27: =IF($N27="","",IF(ISNUMBER(INDEX(App_DateApplied,$N27)),TODAY()-INT(INDEX(App_DateApplied,$N27)),"")) | K27: =IF($N27="","",INDEX(App_Priority,$N27)&"") | L27: =IF($N27="","",INDEX(App_Contact,$N27)&"") | M27: =IF($N27="","",IF(INDEX(App_URL,$N27)="","",HYPERLINK(INDEX(App_URL,$N27),"Open ↗"))) | N27: =IFERROR(MATCH(SMALL(App_ActionKey,18),App_ActionKey,0),"")
B28: =IF($N28="","",INDEX(App_Flag,$N28)&"") | C28: =IF($N28="","",INDEX(App_Company,$N28)&"") | D28: =IF($N28="","",INDEX(App_JobTitle,$N28)&"") | E28: =IF($N28="","",INDEX(App_Status,$N28)&"") | F28: =IF($N28="","",INDEX(App_NextAction,$N28)&"") | G28: =IF($N28="","",IF(ISNUMBER(INDEX(App_NextDate,$N28)),INDEX(App_NextDate,$N28),"")) | H28: =IF($N28="","",IF(ISNUMBER(INDEX(App_NextDate,$N28)),IF(INT(INDEX(App_NextDate,$N28))<TODAY(),TODAY()-INT(INDEX(App_NextDate,$N28)),""),"")) | I28: =IF($N28="","",IF(ISNUMBER(INDEX(App_DateApplied,$N28)),INDEX(App_DateApplied,$N28),"")) | J28: =IF($N28="","",IF(ISNUMBER(INDEX(App_DateApplied,$N28)),TODAY()-INT(INDEX(App_DateApplied,$N28)),"")) | K28: =IF($N28="","",INDEX(App_Priority,$N28)&"") | L28: =IF($N28="","",INDEX(App_Contact,$N28)&"") | M28: =IF($N28="","",IF(INDEX(App_URL,$N28)="","",HYPERLINK(INDEX(App_URL,$N28),"Open ↗"))) | N28: =IFERROR(MATCH(SMALL(App_ActionKey,19),App_ActionKey,0),"")
B29: =IF($N29="","",INDEX(App_Flag,$N29)&"") | C29: =IF($N29="","",INDEX(App_Company,$N29)&"") | D29: =IF($N29="","",INDEX(App_JobTitle,$N29)&"") | E29: =IF($N29="","",INDEX(App_Status,$N29)&"") | F29: =IF($N29="","",INDEX(App_NextAction,$N29)&"") | G29: =IF($N29="","",IF(ISNUMBER(INDEX(App_NextDate,$N29)),INDEX(App_NextDate,$N29),"")) | H29: =IF($N29="","",IF(ISNUMBER(INDEX(App_NextDate,$N29)),IF(INT(INDEX(App_NextDate,$N29))<TODAY(),TODAY()-INT(INDEX(App_NextDate,$N29)),""),"")) | I29: =IF($N29="","",IF(ISNUMBER(INDEX(App_DateApplied,$N29)),INDEX(App_DateApplied,$N29),"")) | J29: =IF($N29="","",IF(ISNUMBER(INDEX(App_DateApplied,$N29)),TODAY()-INT(INDEX(App_DateApplied,$N29)),"")) | K29: =IF($N29="","",INDEX(App_Priority,$N29)&"") | L29: =IF($N29="","",INDEX(App_Contact,$N29)&"") | M29: =IF($N29="","",IF(INDEX(App_URL,$N29)="","",HYPERLINK(INDEX(App_URL,$N29),"Open ↗"))) | N29: =IFERROR(MATCH(SMALL(App_ActionKey,20),App_ActionKey,0),"")
B30: =IF($N30="","",INDEX(App_Flag,$N30)&"") | C30: =IF($N30="","",INDEX(App_Company,$N30)&"") | D30: =IF($N30="","",INDEX(App_JobTitle,$N30)&"") | E30: =IF($N30="","",INDEX(App_Status,$N30)&"") | F30: =IF($N30="","",INDEX(App_NextAction,$N30)&"") | G30: =IF($N30="","",IF(ISNUMBER(INDEX(App_NextDate,$N30)),INDEX(App_NextDate,$N30),"")) | H30: =IF($N30="","",IF(ISNUMBER(INDEX(App_NextDate,$N30)),IF(INT(INDEX(App_NextDate,$N30))<TODAY(),TODAY()-INT(INDEX(App_NextDate,$N30)),""),"")) | I30: =IF($N30="","",IF(ISNUMBER(INDEX(App_DateApplied,$N30)),INDEX(App_DateApplied,$N30),"")) | J30: =IF($N30="","",IF(ISNUMBER(INDEX(App_DateApplied,$N30)),TODAY()-INT(INDEX(App_DateApplied,$N30)),"")) | K30: =IF($N30="","",INDEX(App_Priority,$N30)&"") | L30: =IF($N30="","",INDEX(App_Contact,$N30)&"") | M30: =IF($N30="","",IF(INDEX(App_URL,$N30)="","",HYPERLINK(INDEX(App_URL,$N30),"Open ↗"))) | N30: =IFERROR(MATCH(SMALL(App_ActionKey,21),App_ActionKey,0),"")
B31: =IF($N31="","",INDEX(App_Flag,$N31)&"") | C31: =IF($N31="","",INDEX(App_Company,$N31)&"") | D31: =IF($N31="","",INDEX(App_JobTitle,$N31)&"") | E31: =IF($N31="","",INDEX(App_Status,$N31)&"") | F31: =IF($N31="","",INDEX(App_NextAction,$N31)&"") | G31: =IF($N31="","",IF(ISNUMBER(INDEX(App_NextDate,$N31)),INDEX(App_NextDate,$N31),"")) | H31: =IF($N31="","",IF(ISNUMBER(INDEX(App_NextDate,$N31)),IF(INT(INDEX(App_NextDate,$N31))<TODAY(),TODAY()-INT(INDEX(App_NextDate,$N31)),""),"")) | I31: =IF($N31="","",IF(ISNUMBER(INDEX(App_DateApplied,$N31)),INDEX(App_DateApplied,$N31),"")) | J31: =IF($N31="","",IF(ISNUMBER(INDEX(App_DateApplied,$N31)),TODAY()-INT(INDEX(App_DateApplied,$N31)),"")) | K31: =IF($N31="","",INDEX(App_Priority,$N31)&"") | L31: =IF($N31="","",INDEX(App_Contact,$N31)&"") | M31: =IF($N31="","",IF(INDEX(App_URL,$N31)="","",HYPERLINK(INDEX(App_URL,$N31),"Open ↗"))) | N31: =IFERROR(MATCH(SMALL(App_ActionKey,22),App_ActionKey,0),"")
B32: =IF($N32="","",INDEX(App_Flag,$N32)&"") | C32: =IF($N32="","",INDEX(App_Company,$N32)&"") | D32: =IF($N32="","",INDEX(App_JobTitle,$N32)&"") | E32: =IF($N32="","",INDEX(App_Status,$N32)&"") | F32: =IF($N32="","",INDEX(App_NextAction,$N32)&"") | G32: =IF($N32="","",IF(ISNUMBER(INDEX(App_NextDate,$N32)),INDEX(App_NextDate,$N32),"")) | H32: =IF($N32="","",IF(ISNUMBER(INDEX(App_NextDate,$N32)),IF(INT(INDEX(App_NextDate,$N32))<TODAY(),TODAY()-INT(INDEX(App_NextDate,$N32)),""),"")) | I32: =IF($N32="","",IF(ISNUMBER(INDEX(App_DateApplied,$N32)),INDEX(App_DateApplied,$N32),"")) | J32: =IF($N32="","",IF(ISNUMBER(INDEX(App_DateApplied,$N32)),TODAY()-INT(INDEX(App_DateApplied,$N32)),"")) | K32: =IF($N32="","",INDEX(App_Priority,$N32)&"") | L32: =IF($N32="","",INDEX(App_Contact,$N32)&"") | M32: =IF($N32="","",IF(INDEX(App_URL,$N32)="","",HYPERLINK(INDEX(App_URL,$N32),"Open ↗"))) | N32: =IFERROR(MATCH(SMALL(App_ActionKey,23),App_ActionKey,0),"")
B33: =IF($N33="","",INDEX(App_Flag,$N33)&"") | C33: =IF($N33="","",INDEX(App_Company,$N33)&"") | D33: =IF($N33="","",INDEX(App_JobTitle,$N33)&"") | E33: =IF($N33="","",INDEX(App_Status,$N33)&"") | F33: =IF($N33="","",INDEX(App_NextAction,$N33)&"") | G33: =IF($N33="","",IF(ISNUMBER(INDEX(App_NextDate,$N33)),INDEX(App_NextDate,$N33),"")) | H33: =IF($N33="","",IF(ISNUMBER(INDEX(App_NextDate,$N33)),IF(INT(INDEX(App_NextDate,$N33))<TODAY(),TODAY()-INT(INDEX(App_NextDate,$N33)),""),"")) | I33: =IF($N33="","",IF(ISNUMBER(INDEX(App_DateApplied,$N33)),INDEX(App_DateApplied,$N33),"")) | J33: =IF($N33="","",IF(ISNUMBER(INDEX(App_DateApplied,$N33)),TODAY()-INT(INDEX(App_DateApplied,$N33)),"")) | K33: =IF($N33="","",INDEX(App_Priority,$N33)&"") | L33: =IF($N33="","",INDEX(App_Contact,$N33)&"") | M33: =IF($N33="","",IF(INDEX(App_URL,$N33)="","",HYPERLINK(INDEX(App_URL,$N33),"Open ↗"))) | N33: =IFERROR(MATCH(SMALL(App_ActionKey,24),App_ActionKey,0),"")
B34: =IF($N34="","",INDEX(App_Flag,$N34)&"") | C34: =IF($N34="","",INDEX(App_Company,$N34)&"") | D34: =IF($N34="","",INDEX(App_JobTitle,$N34)&"") | E34: =IF($N34="","",INDEX(App_Status,$N34)&"") | F34: =IF($N34="","",INDEX(App_NextAction,$N34)&"") | G34: =IF($N34="","",IF(ISNUMBER(INDEX(App_NextDate,$N34)),INDEX(App_NextDate,$N34),"")) | H34: =IF($N34="","",IF(ISNUMBER(INDEX(App_NextDate,$N34)),IF(INT(INDEX(App_NextDate,$N34))<TODAY(),TODAY()-INT(INDEX(App_NextDate,$N34)),""),"")) | I34: =IF($N34="","",IF(ISNUMBER(INDEX(App_DateApplied,$N34)),INDEX(App_DateApplied,$N34),"")) | J34: =IF($N34="","",IF(ISNUMBER(INDEX(App_DateApplied,$N34)),TODAY()-INT(INDEX(App_DateApplied,$N34)),"")) | K34: =IF($N34="","",INDEX(App_Priority,$N34)&"") | L34: =IF($N34="","",INDEX(App_Contact,$N34)&"") | M34: =IF($N34="","",IF(INDEX(App_URL,$N34)="","",HYPERLINK(INDEX(App_URL,$N34),"Open ↗"))) | N34: =IFERROR(MATCH(SMALL(App_ActionKey,25),App_ActionKey,0),"")
B35: =IF(COUNT(App_ActionKey)>25,"+ "&(COUNT(App_ActionKey)-25)&" more — filter the Action Flag column on Applications","")
B37: ="UPCOMING INTERVIEWS — NEXT "&Set_InterviewWindow&" DAYS"
B38: Interview Date | C38: Company | D38: Job Title | E38: Stage | F38: Interview Type | G38: Days Until | H38: Preparation | I38: Interviewer | L38: Next Step
B39: =IF($N39="","",IF(ISNUMBER(INDEX(Int_Date,$N39)),INDEX(Int_Date,$N39),"")) | C39: =IF($N39="","",INDEX(Int_Company,$N39)&"") | D39: =IF($N39="","",INDEX(Int_JobTitle,$N39)&"") | E39: =IF($N39="","",INDEX(Int_Stage,$N39)&"") | F39: =IF($N39="","",INDEX(Int_Type,$N39)&"") | G39: =IF($N39="","",IF(ISNUMBER(INDEX(Int_Date,$N39)),INT(INDEX(Int_Date,$N39))-TODAY(),"")) | H39: =IF($N39="","",INDEX(Int_Prep,$N39)&"") | I39: =IF($N39="","",INDEX(Int_Interviewer,$N39)&"") | L39: =IF($N39="","",INDEX(Int_NextStep,$N39)&"") | N39: =IFERROR(MATCH(SMALL(Int_Key,1),Int_Key,0),"")
B40: =IF($N40="","",IF(ISNUMBER(INDEX(Int_Date,$N40)),INDEX(Int_Date,$N40),"")) | C40: =IF($N40="","",INDEX(Int_Company,$N40)&"") | D40: =IF($N40="","",INDEX(Int_JobTitle,$N40)&"") | E40: =IF($N40="","",INDEX(Int_Stage,$N40)&"") | F40: =IF($N40="","",INDEX(Int_Type,$N40)&"") | G40: =IF($N40="","",IF(ISNUMBER(INDEX(Int_Date,$N40)),INT(INDEX(Int_Date,$N40))-TODAY(),"")) | H40: =IF($N40="","",INDEX(Int_Prep,$N40)&"") | I40: =IF($N40="","",INDEX(Int_Interviewer,$N40)&"") | L40: =IF($N40="","",INDEX(Int_NextStep,$N40)&"") | N40: =IFERROR(MATCH(SMALL(Int_Key,2),Int_Key,0),"")
B41: =IF($N41="","",IF(ISNUMBER(INDEX(Int_Date,$N41)),INDEX(Int_Date,$N41),"")) | C41: =IF($N41="","",INDEX(Int_Company,$N41)&"") | D41: =IF($N41="","",INDEX(Int_JobTitle,$N41)&"") | E41: =IF($N41="","",INDEX(Int_Stage,$N41)&"") | F41: =IF($N41="","",INDEX(Int_Type,$N41)&"") | G41: =IF($N41="","",IF(ISNUMBER(INDEX(Int_Date,$N41)),INT(INDEX(Int_Date,$N41))-TODAY(),"")) | H41: =IF($N41="","",INDEX(Int_Prep,$N41)&"") | I41: =IF($N41="","",INDEX(Int_Interviewer,$N41)&"") | L41: =IF($N41="","",INDEX(Int_NextStep,$N41)&"") | N41: =IFERROR(MATCH(SMALL(Int_Key,3),Int_Key,0),"")
B42: =IF($N42="","",IF(ISNUMBER(INDEX(Int_Date,$N42)),INDEX(Int_Date,$N42),"")) | C42: =IF($N42="","",INDEX(Int_Company,$N42)&"") | D42: =IF($N42="","",INDEX(Int_JobTitle,$N42)&"") | E42: =IF($N42="","",INDEX(Int_Stage,$N42)&"") | F42: =IF($N42="","",INDEX(Int_Type,$N42)&"") | G42: =IF($N42="","",IF(ISNUMBER(INDEX(Int_Date,$N42)),INT(INDEX(Int_Date,$N42))-TODAY(),"")) | H42: =IF($N42="","",INDEX(Int_Prep,$N42)&"") | I42: =IF($N42="","",INDEX(Int_Interviewer,$N42)&"") | L42: =IF($N42="","",INDEX(Int_NextStep,$N42)&"") | N42: =IFERROR(MATCH(SMALL(Int_Key,4),Int_Key,0),"")
B43: =IF($N43="","",IF(ISNUMBER(INDEX(Int_Date,$N43)),INDEX(Int_Date,$N43),"")) | C43: =IF($N43="","",INDEX(Int_Company,$N43)&"") | D43: =IF($N43="","",INDEX(Int_JobTitle,$N43)&"") | E43: =IF($N43="","",INDEX(Int_Stage,$N43)&"") | F43: =IF($N43="","",INDEX(Int_Type,$N43)&"") | G43: =IF($N43="","",IF(ISNUMBER(INDEX(Int_Date,$N43)),INT(INDEX(Int_Date,$N43))-TODAY(),"")) | H43: =IF($N43="","",INDEX(Int_Prep,$N43)&"") | I43: =IF($N43="","",INDEX(Int_Interviewer,$N43)&"") | L43: =IF($N43="","",INDEX(Int_NextStep,$N43)&"") | N43: =IFERROR(MATCH(SMALL(Int_Key,5),Int_Key,0),"")
B44: =IF($N44="","",IF(ISNUMBER(INDEX(Int_Date,$N44)),INDEX(Int_Date,$N44),"")) | C44: =IF($N44="","",INDEX(Int_Company,$N44)&"") | D44: =IF($N44="","",INDEX(Int_JobTitle,$N44)&"") | E44: =IF($N44="","",INDEX(Int_Stage,$N44)&"") | F44: =IF($N44="","",INDEX(Int_Type,$N44)&"") | G44: =IF($N44="","",IF(ISNUMBER(INDEX(Int_Date,$N44)),INT(INDEX(Int_Date,$N44))-TODAY(),"")) | H44: =IF($N44="","",INDEX(Int_Prep,$N44)&"") | I44: =IF($N44="","",INDEX(Int_Interviewer,$N44)&"") | L44: =IF($N44="","",INDEX(Int_NextStep,$N44)&"") | N44: =IFERROR(MATCH(SMALL(Int_Key,6),Int_Key,0),"")
B45: =IF($N45="","",IF(ISNUMBER(INDEX(Int_Date,$N45)),INDEX(Int_Date,$N45),"")) | C45: =IF($N45="","",INDEX(Int_Company,$N45)&"") | D45: =IF($N45="","",INDEX(Int_JobTitle,$N45)&"") | E45: =IF($N45="","",INDEX(Int_Stage,$N45)&"") | F45: =IF($N45="","",INDEX(Int_Type,$N45)&"") | G45: =IF($N45="","",IF(ISNUMBER(INDEX(Int_Date,$N45)),INT(INDEX(Int_Date,$N45))-TODAY(),"")) | H45: =IF($N45="","",INDEX(Int_Prep,$N45)&"") | I45: =IF($N45="","",INDEX(Int_Interviewer,$N45)&"") | L45: =IF($N45="","",INDEX(Int_NextStep,$N45)&"") | N45: =IFERROR(MATCH(SMALL(Int_Key,7),Int_Key,0),"")
B46: =IF($N46="","",IF(ISNUMBER(INDEX(Int_Date,$N46)),INDEX(Int_Date,$N46),"")) | C46: =IF($N46="","",INDEX(Int_Company,$N46)&"") | D46: =IF($N46="","",INDEX(Int_JobTitle,$N46)&"") | E46: =IF($N46="","",INDEX(Int_Stage,$N46)&"") | F46: =IF($N46="","",INDEX(Int_Type,$N46)&"") | G46: =IF($N46="","",IF(ISNUMBER(INDEX(Int_Date,$N46)),INT(INDEX(Int_Date,$N46))-TODAY(),"")) | H46: =IF($N46="","",INDEX(Int_Prep,$N46)&"") | I46: =IF($N46="","",INDEX(Int_Interviewer,$N46)&"") | L46: =IF($N46="","",INDEX(Int_NextStep,$N46)&"") | N46: =IFERROR(MATCH(SMALL(Int_Key,8),Int_Key,0),"")
B47: =IF($N47="","",IF(ISNUMBER(INDEX(Int_Date,$N47)),INDEX(Int_Date,$N47),"")) | C47: =IF($N47="","",INDEX(Int_Company,$N47)&"") | D47: =IF($N47="","",INDEX(Int_JobTitle,$N47)&"") | E47: =IF($N47="","",INDEX(Int_Stage,$N47)&"") | F47: =IF($N47="","",INDEX(Int_Type,$N47)&"") | G47: =IF($N47="","",IF(ISNUMBER(INDEX(Int_Date,$N47)),INT(INDEX(Int_Date,$N47))-TODAY(),"")) | H47: =IF($N47="","",INDEX(Int_Prep,$N47)&"") | I47: =IF($N47="","",INDEX(Int_Interviewer,$N47)&"") | L47: =IF($N47="","",INDEX(Int_NextStep,$N47)&"") | N47: =IFERROR(MATCH(SMALL(Int_Key,9),Int_Key,0),"")
B48: =IF($N48="","",IF(ISNUMBER(INDEX(Int_Date,$N48)),INDEX(Int_Date,$N48),"")) | C48: =IF($N48="","",INDEX(Int_Company,$N48)&"") | D48: =IF($N48="","",INDEX(Int_JobTitle,$N48)&"") | E48: =IF($N48="","",INDEX(Int_Stage,$N48)&"") | F48: =IF($N48="","",INDEX(Int_Type,$N48)&"") | G48: =IF($N48="","",IF(ISNUMBER(INDEX(Int_Date,$N48)),INT(INDEX(Int_Date,$N48))-TODAY(),"")) | H48: =IF($N48="","",INDEX(Int_Prep,$N48)&"") | I48: =IF($N48="","",INDEX(Int_Interviewer,$N48)&"") | L48: =IF($N48="","",INDEX(Int_NextStep,$N48)&"") | N48: =IFERROR(MATCH(SMALL(Int_Key,10),Int_Key,0),"")
B49: =IF(COUNT(Int_Key)>10,"+ "&(COUNT(Int_Key)-10)&" more — see the Interviews tab","")
B51: CONTACTS — FOLLOW-UPS DUE (OVERDUE, TODAY AND WITHIN THE DUE-SOON WINDOW)
B52: Name | C52: Company | D52: Job Title | E52: Response | F52: Notes | G52: Follow-up Date | H52: Days Overdue | I52: Referral Potential | J52: Contacted? | L52: Relationship | M52: LinkedIn
B53: =IF($N53="","",INDEX(Ct_Name,$N53)&"") | C53: =IF($N53="","",INDEX(Ct_Company,$N53)&"") | D53: =IF($N53="","",INDEX(Ct_JobTitle,$N53)&"") | E53: =IF($N53="","",INDEX(Ct_Response,$N53)&"") | F53: =IF($N53="","",INDEX(Ct_Notes,$N53)&"") | G53: =IF($N53="","",IF(ISNUMBER(INDEX(Ct_FollowUp,$N53)),INDEX(Ct_FollowUp,$N53),"")) | H53: =IF($N53="","",IF(ISNUMBER(INDEX(Ct_FollowUp,$N53)),IF(INT(INDEX(Ct_FollowUp,$N53))<TODAY(),TODAY()-INT(INDEX(Ct_FollowUp,$N53)),""),"")) | I53: =IF($N53="","",INDEX(Ct_RefPotential,$N53)&"") | J53: =IF($N53="","",INDEX(Ct_Contacted,$N53)&"") | L53: =IF($N53="","",INDEX(Ct_Relationship,$N53)&"") | M53: =IF($N53="","",IF(INDEX(Ct_LinkedIn,$N53)="","",HYPERLINK(INDEX(Ct_LinkedIn,$N53),"Open ↗"))) | N53: =IFERROR(MATCH(SMALL(Ct_Key,1),Ct_Key,0),"")
B54: =IF($N54="","",INDEX(Ct_Name,$N54)&"") | C54: =IF($N54="","",INDEX(Ct_Company,$N54)&"") | D54: =IF($N54="","",INDEX(Ct_JobTitle,$N54)&"") | E54: =IF($N54="","",INDEX(Ct_Response,$N54)&"") | F54: =IF($N54="","",INDEX(Ct_Notes,$N54)&"") | G54: =IF($N54="","",IF(ISNUMBER(INDEX(Ct_FollowUp,$N54)),INDEX(Ct_FollowUp,$N54),"")) | H54: =IF($N54="","",IF(ISNUMBER(INDEX(Ct_FollowUp,$N54)),IF(INT(INDEX(Ct_FollowUp,$N54))<TODAY(),TODAY()-INT(INDEX(Ct_FollowUp,$N54)),""),"")) | I54: =IF($N54="","",INDEX(Ct_RefPotential,$N54)&"") | J54: =IF($N54="","",INDEX(Ct_Contacted,$N54)&"") | L54: =IF($N54="","",INDEX(Ct_Relationship,$N54)&"") | M54: =IF($N54="","",IF(INDEX(Ct_LinkedIn,$N54)="","",HYPERLINK(INDEX(Ct_LinkedIn,$N54),"Open ↗"))) | N54: =IFERROR(MATCH(SMALL(Ct_Key,2),Ct_Key,0),"")
B55: =IF($N55="","",INDEX(Ct_Name,$N55)&"") | C55: =IF($N55="","",INDEX(Ct_Company,$N55)&"") | D55: =IF($N55="","",INDEX(Ct_JobTitle,$N55)&"") | E55: =IF($N55="","",INDEX(Ct_Response,$N55)&"") | F55: =IF($N55="","",INDEX(Ct_Notes,$N55)&"") | G55: =IF($N55="","",IF(ISNUMBER(INDEX(Ct_FollowUp,$N55)),INDEX(Ct_FollowUp,$N55),"")) | H55: =IF($N55="","",IF(ISNUMBER(INDEX(Ct_FollowUp,$N55)),IF(INT(INDEX(Ct_FollowUp,$N55))<TODAY(),TODAY()-INT(INDEX(Ct_FollowUp,$N55)),""),"")) | I55: =IF($N55="","",INDEX(Ct_RefPotential,$N55)&"") | J55: =IF($N55="","",INDEX(Ct_Contacted,$N55)&"") | L55: =IF($N55="","",INDEX(Ct_Relationship,$N55)&"") | M55: =IF($N55="","",IF(INDEX(Ct_LinkedIn,$N55)="","",HYPERLINK(INDEX(Ct_LinkedIn,$N55),"Open ↗"))) | N55: =IFERROR(MATCH(SMALL(Ct_Key,3),Ct_Key,0),"")
B56: =IF($N56="","",INDEX(Ct_Name,$N56)&"") | C56: =IF($N56="","",INDEX(Ct_Company,$N56)&"") | D56: =IF($N56="","",INDEX(Ct_JobTitle,$N56)&"") | E56: =IF($N56="","",INDEX(Ct_Response,$N56)&"") | F56: =IF($N56="","",INDEX(Ct_Notes,$N56)&"") | G56: =IF($N56="","",IF(ISNUMBER(INDEX(Ct_FollowUp,$N56)),INDEX(Ct_FollowUp,$N56),"")) | H56: =IF($N56="","",IF(ISNUMBER(INDEX(Ct_FollowUp,$N56)),IF(INT(INDEX(Ct_FollowUp,$N56))<TODAY(),TODAY()-INT(INDEX(Ct_FollowUp,$N56)),""),"")) | I56: =IF($N56="","",INDEX(Ct_RefPotential,$N56)&"") | J56: =IF($N56="","",INDEX(Ct_Contacted,$N56)&"") | L56: =IF($N56="","",INDEX(Ct_Relationship,$N56)&"") | M56: =IF($N56="","",IF(INDEX(Ct_LinkedIn,$N56)="","",HYPERLINK(INDEX(Ct_LinkedIn,$N56),"Open ↗"))) | N56: =IFERROR(MATCH(SMALL(Ct_Key,4),Ct_Key,0),"")
B57: =IF($N57="","",INDEX(Ct_Name,$N57)&"") | C57: =IF($N57="","",INDEX(Ct_Company,$N57)&"") | D57: =IF($N57="","",INDEX(Ct_JobTitle,$N57)&"") | E57: =IF($N57="","",INDEX(Ct_Response,$N57)&"") | F57: =IF($N57="","",INDEX(Ct_Notes,$N57)&"") | G57: =IF($N57="","",IF(ISNUMBER(INDEX(Ct_FollowUp,$N57)),INDEX(Ct_FollowUp,$N57),"")) | H57: =IF($N57="","",IF(ISNUMBER(INDEX(Ct_FollowUp,$N57)),IF(INT(INDEX(Ct_FollowUp,$N57))<TODAY(),TODAY()-INT(INDEX(Ct_FollowUp,$N57)),""),"")) | I57: =IF($N57="","",INDEX(Ct_RefPotential,$N57)&"") | J57: =IF($N57="","",INDEX(Ct_Contacted,$N57)&"") | L57: =IF($N57="","",INDEX(Ct_Relationship,$N57)&"") | M57: =IF($N57="","",IF(INDEX(Ct_LinkedIn,$N57)="","",HYPERLINK(INDEX(Ct_LinkedIn,$N57),"Open ↗"))) | N57: =IFERROR(MATCH(SMALL(Ct_Key,5),Ct_Key,0),"")
B58: =IF($N58="","",INDEX(Ct_Name,$N58)&"") | C58: =IF($N58="","",INDEX(Ct_Company,$N58)&"") | D58: =IF($N58="","",INDEX(Ct_JobTitle,$N58)&"") | E58: =IF($N58="","",INDEX(Ct_Response,$N58)&"") | F58: =IF($N58="","",INDEX(Ct_Notes,$N58)&"") | G58: =IF($N58="","",IF(ISNUMBER(INDEX(Ct_FollowUp,$N58)),INDEX(Ct_FollowUp,$N58),"")) | H58: =IF($N58="","",IF(ISNUMBER(INDEX(Ct_FollowUp,$N58)),IF(INT(INDEX(Ct_FollowUp,$N58))<TODAY(),TODAY()-INT(INDEX(Ct_FollowUp,$N58)),""),"")) | I58: =IF($N58="","",INDEX(Ct_RefPotential,$N58)&"") | J58: =IF($N58="","",INDEX(Ct_Contacted,$N58)&"") | L58: =IF($N58="","",INDEX(Ct_Relationship,$N58)&"") | M58: =IF($N58="","",IF(INDEX(Ct_LinkedIn,$N58)="","",HYPERLINK(INDEX(Ct_LinkedIn,$N58),"Open ↗"))) | N58: =IFERROR(MATCH(SMALL(Ct_Key,6),Ct_Key,0),"")
B59: =IF($N59="","",INDEX(Ct_Name,$N59)&"") | C59: =IF($N59="","",INDEX(Ct_Company,$N59)&"") | D59: =IF($N59="","",INDEX(Ct_JobTitle,$N59)&"") | E59: =IF($N59="","",INDEX(Ct_Response,$N59)&"") | F59: =IF($N59="","",INDEX(Ct_Notes,$N59)&"") | G59: =IF($N59="","",IF(ISNUMBER(INDEX(Ct_FollowUp,$N59)),INDEX(Ct_FollowUp,$N59),"")) | H59: =IF($N59="","",IF(ISNUMBER(INDEX(Ct_FollowUp,$N59)),IF(INT(INDEX(Ct_FollowUp,$N59))<TODAY(),TODAY()-INT(INDEX(Ct_FollowUp,$N59)),""),"")) | I59: =IF($N59="","",INDEX(Ct_RefPotential,$N59)&"") | J59: =IF($N59="","",INDEX(Ct_Contacted,$N59)&"") | L59: =IF($N59="","",INDEX(Ct_Relationship,$N59)&"") | M59: =IF($N59="","",IF(INDEX(Ct_LinkedIn,$N59)="","",HYPERLINK(INDEX(Ct_LinkedIn,$N59),"Open ↗"))) | N59: =IFERROR(MATCH(SMALL(Ct_Key,7),Ct_Key,0),"")
B60: =IF($N60="","",INDEX(Ct_Name,$N60)&"") | C60: =IF($N60="","",INDEX(Ct_Company,$N60)&"") | D60: =IF($N60="","",INDEX(Ct_JobTitle,$N60)&"") | E60: =IF($N60="","",INDEX(Ct_Response,$N60)&"") | F60: =IF($N60="","",INDEX(Ct_Notes,$N60)&"") | G60: =IF($N60="","",IF(ISNUMBER(INDEX(Ct_FollowUp,$N60)),INDEX(Ct_FollowUp,$N60),"")) | H60: =IF($N60="","",IF(ISNUMBER(INDEX(Ct_FollowUp,$N60)),IF(INT(INDEX(Ct_FollowUp,$N60))<TODAY(),TODAY()-INT(INDEX(Ct_FollowUp,$N60)),""),"")) | I60: =IF($N60="","",INDEX(Ct_RefPotential,$N60)&"") | J60: =IF($N60="","",INDEX(Ct_Contacted,$N60)&"") | L60: =IF($N60="","",INDEX(Ct_Relationship,$N60)&"") | M60: =IF($N60="","",IF(INDEX(Ct_LinkedIn,$N60)="","",HYPERLINK(INDEX(Ct_LinkedIn,$N60),"Open ↗"))) | N60: =IFERROR(MATCH(SMALL(Ct_Key,8),Ct_Key,0),"")
B61: =IF($N61="","",INDEX(Ct_Name,$N61)&"") | C61: =IF($N61="","",INDEX(Ct_Company,$N61)&"") | D61: =IF($N61="","",INDEX(Ct_JobTitle,$N61)&"") | E61: =IF($N61="","",INDEX(Ct_Response,$N61)&"") | F61: =IF($N61="","",INDEX(Ct_Notes,$N61)&"") | G61: =IF($N61="","",IF(ISNUMBER(INDEX(Ct_FollowUp,$N61)),INDEX(Ct_FollowUp,$N61),"")) | H61: =IF($N61="","",IF(ISNUMBER(INDEX(Ct_FollowUp,$N61)),IF(INT(INDEX(Ct_FollowUp,$N61))<TODAY(),TODAY()-INT(INDEX(Ct_FollowUp,$N61)),""),"")) | I61: =IF($N61="","",INDEX(Ct_RefPotential,$N61)&"") | J61: =IF($N61="","",INDEX(Ct_Contacted,$N61)&"") | L61: =IF($N61="","",INDEX(Ct_Relationship,$N61)&"") | M61: =IF($N61="","",IF(INDEX(Ct_LinkedIn,$N61)="","",HYPERLINK(INDEX(Ct_LinkedIn,$N61),"Open ↗"))) | N61: =IFERROR(MATCH(SMALL(Ct_Key,9),Ct_Key,0),"")
B62: =IF($N62="","",INDEX(Ct_Name,$N62)&"") | C62: =IF($N62="","",INDEX(Ct_Company,$N62)&"") | D62: =IF($N62="","",INDEX(Ct_JobTitle,$N62)&"") | E62: =IF($N62="","",INDEX(Ct_Response,$N62)&"") | F62: =IF($N62="","",INDEX(Ct_Notes,$N62)&"") | G62: =IF($N62="","",IF(ISNUMBER(INDEX(Ct_FollowUp,$N62)),INDEX(Ct_FollowUp,$N62),"")) | H62: =IF($N62="","",IF(ISNUMBER(INDEX(Ct_FollowUp,$N62)),IF(INT(INDEX(Ct_FollowUp,$N62))<TODAY(),TODAY()-INT(INDEX(Ct_FollowUp,$N62)),""),"")) | I62: =IF($N62="","",INDEX(Ct_RefPotential,$N62)&"") | J62: =IF($N62="","",INDEX(Ct_Contacted,$N62)&"") | L62: =IF($N62="","",INDEX(Ct_Relationship,$N62)&"") | M62: =IF($N62="","",IF(INDEX(Ct_LinkedIn,$N62)="","",HYPERLINK(INDEX(Ct_LinkedIn,$N62),"Open ↗"))) | N62: =IFERROR(MATCH(SMALL(Ct_Key,10),Ct_Key,0),"")
B63: =IF($N63="","",INDEX(Ct_Name,$N63)&"") | C63: =IF($N63="","",INDEX(Ct_Company,$N63)&"") | D63: =IF($N63="","",INDEX(Ct_JobTitle,$N63)&"") | E63: =IF($N63="","",INDEX(Ct_Response,$N63)&"") | F63: =IF($N63="","",INDEX(Ct_Notes,$N63)&"") | G63: =IF($N63="","",IF(ISNUMBER(INDEX(Ct_FollowUp,$N63)),INDEX(Ct_FollowUp,$N63),"")) | H63: =IF($N63="","",IF(ISNUMBER(INDEX(Ct_FollowUp,$N63)),IF(INT(INDEX(Ct_FollowUp,$N63))<TODAY(),TODAY()-INT(INDEX(Ct_FollowUp,$N63)),""),"")) | I63: =IF($N63="","",INDEX(Ct_RefPotential,$N63)&"") | J63: =IF($N63="","",INDEX(Ct_Contacted,$N63)&"") | L63: =IF($N63="","",INDEX(Ct_Relationship,$N63)&"") | M63: =IF($N63="","",IF(INDEX(Ct_LinkedIn,$N63)="","",HYPERLINK(INDEX(Ct_LinkedIn,$N63),"Open ↗"))) | N63: =IFERROR(MATCH(SMALL(Ct_Key,11),Ct_Key,0),"")
B64: =IF($N64="","",INDEX(Ct_Name,$N64)&"") | C64: =IF($N64="","",INDEX(Ct_Company,$N64)&"") | D64: =IF($N64="","",INDEX(Ct_JobTitle,$N64)&"") | E64: =IF($N64="","",INDEX(Ct_Response,$N64)&"") | F64: =IF($N64="","",INDEX(Ct_Notes,$N64)&"") | G64: =IF($N64="","",IF(ISNUMBER(INDEX(Ct_FollowUp,$N64)),INDEX(Ct_FollowUp,$N64),"")) | H64: =IF($N64="","",IF(ISNUMBER(INDEX(Ct_FollowUp,$N64)),IF(INT(INDEX(Ct_FollowUp,$N64))<TODAY(),TODAY()-INT(INDEX(Ct_FollowUp,$N64)),""),"")) | I64: =IF($N64="","",INDEX(Ct_RefPotential,$N64)&"") | J64: =IF($N64="","",INDEX(Ct_Contacted,$N64)&"") | L64: =IF($N64="","",INDEX(Ct_Relationship,$N64)&"") | M64: =IF($N64="","",IF(INDEX(Ct_LinkedIn,$N64)="","",HYPERLINK(INDEX(Ct_LinkedIn,$N64),"Open ↗"))) | N64: =IFERROR(MATCH(SMALL(Ct_Key,12),Ct_Key,0),"")
B65: =IF($N65="","",INDEX(Ct_Name,$N65)&"") | C65: =IF($N65="","",INDEX(Ct_Company,$N65)&"") | D65: =IF($N65="","",INDEX(Ct_JobTitle,$N65)&"") | E65: =IF($N65="","",INDEX(Ct_Response,$N65)&"") | F65: =IF($N65="","",INDEX(Ct_Notes,$N65)&"") | G65: =IF($N65="","",IF(ISNUMBER(INDEX(Ct_FollowUp,$N65)),INDEX(Ct_FollowUp,$N65),"")) | H65: =IF($N65="","",IF(ISNUMBER(INDEX(Ct_FollowUp,$N65)),IF(INT(INDEX(Ct_FollowUp,$N65))<TODAY(),TODAY()-INT(INDEX(Ct_FollowUp,$N65)),""),"")) | I65: =IF($N65="","",INDEX(Ct_RefPotential,$N65)&"") | J65: =IF($N65="","",INDEX(Ct_Contacted,$N65)&"") | L65: =IF($N65="","",INDEX(Ct_Relationship,$N65)&"") | M65: =IF($N65="","",IF(INDEX(Ct_LinkedIn,$N65)="","",HYPERLINK(INDEX(Ct_LinkedIn,$N65),"Open ↗"))) | N65: =IFERROR(MATCH(SMALL(Ct_Key,13),Ct_Key,0),"")
B66: =IF($N66="","",INDEX(Ct_Name,$N66)&"") | C66: =IF($N66="","",INDEX(Ct_Company,$N66)&"") | D66: =IF($N66="","",INDEX(Ct_JobTitle,$N66)&"") | E66: =IF($N66="","",INDEX(Ct_Response,$N66)&"") | F66: =IF($N66="","",INDEX(Ct_Notes,$N66)&"") | G66: =IF($N66="","",IF(ISNUMBER(INDEX(Ct_FollowUp,$N66)),INDEX(Ct_FollowUp,$N66),"")) | H66: =IF($N66="","",IF(ISNUMBER(INDEX(Ct_FollowUp,$N66)),IF(INT(INDEX(Ct_FollowUp,$N66))<TODAY(),TODAY()-INT(INDEX(Ct_FollowUp,$N66)),""),"")) | I66: =IF($N66="","",INDEX(Ct_RefPotential,$N66)&"") | J66: =IF($N66="","",INDEX(Ct_Contacted,$N66)&"") | L66: =IF($N66="","",INDEX(Ct_Relationship,$N66)&"") | M66: =IF($N66="","",IF(INDEX(Ct_LinkedIn,$N66)="","",HYPERLINK(INDEX(Ct_LinkedIn,$N66),"Open ↗"))) | N66: =IFERROR(MATCH(SMALL(Ct_Key,14),Ct_Key,0),"")
B67: =IF($N67="","",INDEX(Ct_Name,$N67)&"") | C67: =IF($N67="","",INDEX(Ct_Company,$N67)&"") | D67: =IF($N67="","",INDEX(Ct_JobTitle,$N67)&"") | E67: =IF($N67="","",INDEX(Ct_Response,$N67)&"") | F67: =IF($N67="","",INDEX(Ct_Notes,$N67)&"") | G67: =IF($N67="","",IF(ISNUMBER(INDEX(Ct_FollowUp,$N67)),INDEX(Ct_FollowUp,$N67),"")) | H67: =IF($N67="","",IF(ISNUMBER(INDEX(Ct_FollowUp,$N67)),IF(INT(INDEX(Ct_FollowUp,$N67))<TODAY(),TODAY()-INT(INDEX(Ct_FollowUp,$N67)),""),"")) | I67: =IF($N67="","",INDEX(Ct_RefPotential,$N67)&"") | J67: =IF($N67="","",INDEX(Ct_Contacted,$N67)&"") | L67: =IF($N67="","",INDEX(Ct_Relationship,$N67)&"") | M67: =IF($N67="","",IF(INDEX(Ct_LinkedIn,$N67)="","",HYPERLINK(INDEX(Ct_LinkedIn,$N67),"Open ↗"))) | N67: =IFERROR(MATCH(SMALL(Ct_Key,15),Ct_Key,0),"")
B68: =IF(COUNT(Ct_Key)>15,"+ "&(COUNT(Ct_Key)-15)&" more — sort the Contacts tab by Follow-up Date","")

Sheet Applications
A1: Applications | AG1: Follow-up days | AH1: Due-soon days
A2: One row per job. Status drives the pipeline · Next Action Date drives Follow-Ups · Match % is your own assessment. | AG2: =Set_FollowUpDays | AH2: =Set_DueSoonDays
A3: Next ID | B3: =MAX(App_ID)+1 | D3: White columns = your input · Grey columns = auto-calculated (don't type over them) · Dates as dd.mm.yyyy (Ctrl+; = today) | Z3: EXTRA TRACKING FIELDS ▸ your input | AC3: AUTO-CALCULATED ▸ don't edit
A4: Application ID | B4: Date Added | C4: Date Applied | D4: Company | E4: Job Title | F4: Job Type | G4: Location | H4: Remote / Hybrid / On-site | I4: Job URL | J4: Source | K4: Priority | L4: Match % | M4: Status | N4: Next Action | O4: Next Action Date | P4: Recruiter / Hiring Manager | Q4: Recruiter LinkedIn | R4: CV Version | S4: Cover Letter | T4: Referral | U4: Salary / Salary Range | V4: Key Technologies / Skills | W4: Why Me? | X4: Notes | Y4: Last Updated | Z4: Role Category | AA4: First Response Date | AB4: Stage When Closed | AC4: Action Flag | AD4: Match Category | AE4: Furthest Stage | AF4: Days to Response | AG4: Stage # (helper) | AH4: Action Sort Key (helper) | AI4: Active Sort Key (helper)
AC5: =IF(OR($D5="",$M5="Rejected",$M5="Withdrawn",$M5="Accepted"),"",IF(ISNUMBER($O5),IF(INT($O5)<TODAY(),"FOLLOW UP REQUIRED",IF(INT($O5)=TODAY(),"ACTION DUE TODAY",IF(INT($O5)-TODAY()<=Set_DueSoonDays,"DUE SOON",""))),IF(AND($M5="Applied",$AA5=""),IF(ISNUMBER($C5),IF(TODAY()-$C5>=Set_FollowUpDays,"NO RESPONSE",""),""),""))) | AD5: =IF(ISNUMBER($L5),IF($L5>=90,"Excellent Match",IF($L5>=75,"Strong Match",IF($L5>=60,"Moderate Match","Low Match"))),"") | AE5: =IF($D5="","",IF(OR($M5="Rejected",$M5="Withdrawn"),IF($AB5<>"",$AB5,IF(OR($M5="Rejected",ISNUMBER($C5)),"Applied","Wishlist")),IF($M5="",IF(ISNUMBER($C5),"Applied","Wishlist"),$M5))) | AF5: =IF(AND(ISNUMBER($C5),ISNUMBER($AA5)),$AA5-$C5,"") | AG5: =IF($AE5="","",IFERROR(MATCH($AE5,{"Wishlist","Applied","Screening","Interview 1","Interview 2","Final","Offer","Accepted"},0)-1,"")) | AH5: =IF($AC5="","",MATCH($AC5,{"FOLLOW UP REQUIRED","ACTION DUE TODAY","NO RESPONSE","DUE SOON"},0)*100000+IF(ISNUMBER($O5),$O5,IF(ISNUMBER($C5),$C5,0))+ROW()/10000) | AI5: =IF(AND(ISNUMBER($AG5),$AG5>=1,$AG5<=6,$M5<>"Rejected",$M5<>"Withdrawn"),(10-$AG5)*100000+IF(ISNUMBER($C5),$C5,0)+ROW()/10000,"")
AC6: =IF(OR($D6="",$M6="Rejected",$M6="Withdrawn",$M6="Accepted"),"",IF(ISNUMBER($O6),IF(INT($O6)<TODAY(),"FOLLOW UP REQUIRED",IF(INT($O6)=TODAY(),"ACTION DUE TODAY",IF(INT($O6)-TODAY()<=Set_DueSoonDays,"DUE SOON",""))),IF(AND($M6="Applied",$AA6=""),IF(ISNUMBER($C6),IF(TODAY()-$C6>=Set_FollowUpDays,"NO RESPONSE",""),""),""))) | AD6: =IF(ISNUMBER($L6),IF($L6>=90,"Excellent Match",IF($L6>=75,"Strong Match",IF($L6>=60,"Moderate Match","Low Match"))),"") | AE6: =IF($D6="","",IF(OR($M6="Rejected",$M6="Withdrawn"),IF($AB6<>"",$AB6,IF(OR($M6="Rejected",ISNUMBER($C6)),"Applied","Wishlist")),IF($M6="",IF(ISNUMBER($C6),"Applied","Wishlist"),$M6))) | AF6: =IF(AND(ISNUMBER($C6),ISNUMBER($AA6)),$AA6-$C6,"") | AG6: =IF($AE6="","",IFERROR(MATCH($AE6,{"Wishlist","Applied","Screening","Interview 1","Interview 2","Final","Offer","Accepted"},0)-1,"")) | AH6: =IF($AC6="","",MATCH($AC6,{"FOLLOW UP REQUIRED","ACTION DUE TODAY","NO RESPONSE","DUE SOON"},0)*100000+IF(ISNUMBER($O6),$O6,IF(ISNUMBER($C6),$C6,0))+ROW()/10000) | AI6: =IF(AND(ISNUMBER($AG6),$AG6>=1,$AG6<=6,$M6<>"Rejected",$M6<>"Withdrawn"),(10-$AG6)*100000+IF(ISNUMBER($C6),$C6,0)+ROW()/10000,"")
AC7: =IF(OR($D7="",$M7="Rejected",$M7="Withdrawn",$M7="Accepted"),"",IF(ISNUMBER($O7),IF(INT($O7)<TODAY(),"FOLLOW UP REQUIRED",IF(INT($O7)=TODAY(),"ACTION DUE TODAY",IF(INT($O7)-TODAY()<=Set_DueSoonDays,"DUE SOON",""))),IF(AND($M7="Applied",$AA7=""),IF(ISNUMBER($C7),IF(TODAY()-$C7>=Set_FollowUpDays,"NO RESPONSE",""),""),""))) | AD7: =IF(ISNUMBER($L7),IF($L7>=90,"Excellent Match",IF($L7>=75,"Strong Match",IF($L7>=60,"Moderate Match","Low Match"))),"") | AE7: =IF($D7="","",IF(OR($M7="Rejected",$M7="Withdrawn"),IF($AB7<>"",$AB7,IF(OR($M7="Rejected",ISNUMBER($C7)),"Applied","Wishlist")),IF($M7="",IF(ISNUMBER($C7),"Applied","Wishlist"),$M7))) | AF7: =IF(AND(ISNUMBER($C7),ISNUMBER($AA7)),$AA7-$C7,"") | AG7: =IF($AE7="","",IFERROR(MATCH($AE7,{"Wishlist","Applied","Screening","Interview 1","Interview 2","Final","Offer","Accepted"},0)-1,"")) | AH7: =IF($AC7="","",MATCH($AC7,{"FOLLOW UP REQUIRED","ACTION DUE TODAY","NO RESPONSE","DUE SOON"},0)*100000+IF(ISNUMBER($O7),$O7,IF(ISNUMBER($C7),$C7,0))+ROW()/10000) | AI7: =IF(AND(ISNUMBER($AG7),$AG7>=1,$AG7<=6,$M7<>"Rejected",$M7<>"Withdrawn"),(10-$AG7)*100000+IF(ISNUMBER($C7),$C7,0)+ROW()/10000,"")
AC8: =IF(OR($D8="",$M8="Rejected",$M8="Withdrawn",$M8="Accepted"),"",IF(ISNUMBER($O8),IF(INT($O8)<TODAY(),"FOLLOW UP REQUIRED",IF(INT($O8)=TODAY(),"ACTION DUE TODAY",IF(INT($O8)-TODAY()<=Set_DueSoonDays,"DUE SOON",""))),IF(AND($M8="Applied",$AA8=""),IF(ISNUMBER($C8),IF(TODAY()-$C8>=Set_FollowUpDays,"NO RESPONSE",""),""),""))) | AD8: =IF(ISNUMBER($L8),IF($L8>=90,"Excellent Match",IF($L8>=75,"Strong Match",IF($L8>=60,"Moderate Match","Low Match"))),"") | AE8: =IF($D8="","",IF(OR($M8="Rejected",$M8="Withdrawn"),IF($AB8<>"",$AB8,IF(OR($M8="Rejected",ISNUMBER($C8)),"Applied","Wishlist")),IF($M8="",IF(ISNUMBER($C8),"Applied","Wishlist"),$M8))) | AF8: =IF(AND(ISNUMBER($C8),ISNUMBER($AA8)),$AA8-$C8,"") | AG8: =IF($AE8="","",IFERROR(MATCH($AE8,{"Wishlist","Applied","Screening","Interview 1","Interview 2","Final","Offer","Accepted"},0)-1,"")) | AH8: =IF($AC8="","",MATCH($AC8,{"FOLLOW UP REQUIRED","ACTION DUE TODAY","NO RESPONSE","DUE SOON"},0)*100000+IF(ISNUMBER($O8),$O8,IF(ISNUMBER($C8),$C8,0))+ROW()/10000) | AI8: =IF(AND(ISNUMBER($AG8),$AG8>=1,$AG8<=6,$M8<>"Rejected",$M8<>"Withdrawn"),(10-$AG8)*100000+IF(ISNUMBER($C8),$C8,0)+ROW()/10000,"")
AC9: =IF(OR($D9="",$M9="Rejected",$M9="Withdrawn",$M9="Accepted"),"",IF(ISNUMBER($O9),IF(INT($O9)<TODAY(),"FOLLOW UP REQUIRED",IF(INT($O9)=TODAY(),"ACTION DUE TODAY",IF(INT($O9)-TODAY()<=Set_DueSoonDays,"DUE SOON",""))),IF(AND($M9="Applied",$AA9=""),IF(ISNUMBER($C9),IF(TODAY()-$C9>=Set_FollowUpDays,"NO RESPONSE",""),""),""))) | AD9: =IF(ISNUMBER($L9),IF($L9>=90,"Excellent Match",IF($L9>=75,"Strong Match",IF($L9>=60,"Moderate Match","Low Match"))),"") | AE9: =IF($D9="","",IF(OR($M9="Rejected",$M9="Withdrawn"),IF($AB9<>"",$AB9,IF(OR($M9="Rejected",ISNUMBER($C9)),"Applied","Wishlist")),IF($M9="",IF(ISNUMBER($C9),"Applied","Wishlist"),$M9))) | AF9: =IF(AND(ISNUMBER($C9),ISNUMBER($AA9)),$AA9-$C9,"") | AG9: =IF($AE9="","",IFERROR(MATCH($AE9,{"Wishlist","Applied","Screening","Interview 1","Interview 2","Final","Offer","Accepted"},0)-1,"")) | AH9: =IF($AC9="","",MATCH($AC9,{"FOLLOW UP REQUIRED","ACTION DUE TODAY","NO RESPONSE","DUE SOON"},0)*100000+IF(ISNUMBER($O9),$O9,IF(ISNUMBER($C9),$C9,0))+ROW()/10000) | AI9: =IF(AND(ISNUMBER($AG9),$AG9>=1,$AG9<=6,$M9<>"Rejected",$M9<>"Withdrawn"),(10-$AG9)*100000+IF(ISNUMBER($C9),$C9,0)+ROW()/10000,"")
AC10: =IF(OR($D10="",$M10="Rejected",$M10="Withdrawn",$M10="Accepted"),"",IF(ISNUMBER($O10),IF(INT($O10)<TODAY(),"FOLLOW UP REQUIRED",IF(INT($O10)=TODAY(),"ACTION DUE TODAY",IF(INT($O10)-TODAY()<=Set_DueSoonDays,"DUE SOON",""))),IF(AND($M10="Applied",$AA10=""),IF(ISNUMBER($C10),IF(TODAY()-$C10>=Set_FollowUpDays,"NO RESPONSE",""),""),""))) | AD10: =IF(ISNUMBER($L10),IF($L10>=90,"Excellent Match",IF($L10>=75,"Strong Match",IF($L10>=60,"Moderate Match","Low Match"))),"") | AE10: =IF($D10="","",IF(OR($M10="Rejected",$M10="Withdrawn"),IF($AB10<>"",$AB10,IF(OR($M10="Rejected",ISNUMBER($C10)),"Applied","Wishlist")),IF($M10="",IF(ISNUMBER($C10),"Applied","Wishlist"),$M10))) | AF10: =IF(AND(ISNUMBER($C10),ISNUMBER($AA10)),$AA10-$C10,"") | AG10: =IF($AE10="","",IFERROR(MATCH($AE10,{"Wishlist","Applied","Screening","Interview 1","Interview 2","Final","Offer","Accepted"},0)-1,"")) | AH10: =IF($AC10="","",MATCH($AC10,{"FOLLOW UP REQUIRED","ACTION DUE TODAY","NO RESPONSE","DUE SOON"},0)*100000+IF(ISNUMBER($O10),$O10,IF(ISNUMBER($C10),$C10,0))+ROW()/10000) | AI10: =IF(AND(ISNUMBER($AG10),$AG10>=1,$AG10<=6,$M10<>"Rejected",$M10<>"Withdrawn"),(10-$AG10)*100000+IF(ISNUMBER($C10),$C10,0)+ROW()/10000,"")
AC11: =IF(OR($D11="",$M11="Rejected",$M11="Withdrawn",$M11="Accepted"),"",IF(ISNUMBER($O11),IF(INT($O11)<TODAY(),"FOLLOW UP REQUIRED",IF(INT($O11)=TODAY(),"ACTION DUE TODAY",IF(INT($O11)-TODAY()<=Set_DueSoonDays,"DUE SOON",""))),IF(AND($M11="Applied",$AA11=""),IF(ISNUMBER($C11),IF(TODAY()-$C11>=Set_FollowUpDays,"NO RESPONSE",""),""),""))) | AD11: =IF(ISNUMBER($L11),IF($L11>=90,"Excellent Match",IF($L11>=75,"Strong Match",IF($L11>=60,"Moderate Match","Low Match"))),"") | AE11: =IF($D11="","",IF(OR($M11="Rejected",$M11="Withdrawn"),IF($AB11<>"",$AB11,IF(OR($M11="Rejected",ISNUMBER($C11)),"Applied","Wishlist")),IF($M11="",IF(ISNUMBER($C11),"Applied","Wishlist"),$M11))) | AF11: =IF(AND(ISNUMBER($C11),ISNUMBER($AA11)),$AA11-$C11,"") | AG11: =IF($AE11="","",IFERROR(MATCH($AE11,{"Wishlist","Applied","Screening","Interview 1","Interview 2","Final","Offer","Accepted"},0)-1,"")) | AH11: =IF($AC11="","",MATCH($AC11,{"FOLLOW UP REQUIRED","ACTION DUE TODAY","NO RESPONSE","DUE SOON"},0)*100000+IF(ISNUMBER($O11),$O11,IF(ISNUMBER($C11),$C11,0))+ROW()/10000) | AI11: =IF(AND(ISNUMBER($AG11),$AG11>=1,$AG11<=6,$M11<>"Rejected",$M11<>"Withdrawn"),(10-$AG11)*100000+IF(ISNUMBER($C11),$C11,0)+ROW()/10000,"")
AC12: =IF(OR($D12="",$M12="Rejected",$M12="Withdrawn",$M12="Accepted"),"",IF(ISNUMBER($O12),IF(INT($O12)<TODAY(),"FOLLOW UP REQUIRED",IF(INT($O12)=TODAY(),"ACTION DUE TODAY",IF(INT($O12)-TODAY()<=Set_DueSoonDays,"DUE SOON",""))),IF(AND($M12="Applied",$AA12=""),IF(ISNUMBER($C12),IF(TODAY()-$C12>=Set_FollowUpDays,"NO RESPONSE",""),""),""))) | AD12: =IF(ISNUMBER($L12),IF($L12>=90,"Excellent Match",IF($L12>=75,"Strong Match",IF($L12>=60,"Moderate Match","Low Match"))),"") | AE12: =IF($D12="","",IF(OR($M12="Rejected",$M12="Withdrawn"),IF($AB12<>"",$AB12,IF(OR($M12="Rejected",ISNUMBER($C12)),"Applied","Wishlist")),IF($M12="",IF(ISNUMBER($C12),"Applied","Wishlist"),$M12))) | AF12: =IF(AND(ISNUMBER($C12),ISNUMBER($AA12)),$AA12-$C12,"") | AG12: =IF($AE12="","",IFERROR(MATCH($AE12,{"Wishlist","Applied","Screening","Interview 1","Interview 2","Final","Offer","Accepted"},0)-1,"")) | AH12: =IF($AC12="","",MATCH($AC12,{"FOLLOW UP REQUIRED","ACTION DUE TODAY","NO RESPONSE","DUE SOON"},0)*100000+IF(ISNUMBER($O12),$O12,IF(ISNUMBER($C12),$C12,0))+ROW()/10000) | AI12: =IF(AND(ISNUMBER($AG12),$AG12>=1,$AG12<=6,$M12<>"Rejected",$M12<>"Withdrawn"),(10-$AG12)*100000+IF(ISNUMBER($C12),$C12,0)+ROW()/10000,"")
AC13: =IF(OR($D13="",$M13="Rejected",$M13="Withdrawn",$M13="Accepted"),"",IF(ISNUMBER($O13),IF(INT($O13)<TODAY(),"FOLLOW UP REQUIRED",IF(INT($O13)=TODAY(),"ACTION DUE TODAY",IF(INT($O13)-TODAY()<=Set_DueSoonDays,"DUE SOON",""))),IF(AND($M13="Applied",$AA13=""),IF(ISNUMBER($C13),IF(TODAY()-$C13>=Set_FollowUpDays,"NO RESPONSE",""),""),""))) | AD13: =IF(ISNUMBER($L13),IF($L13>=90,"Excellent Match",IF($L13>=75,"Strong Match",IF($L13>=60,"Moderate Match","Low Match"))),"") | AE13: =IF($D13="","",IF(OR($M13="Rejected",$M13="Withdrawn"),IF($AB13<>"",$AB13,IF(OR($M13="Rejected",ISNUMBER($C13)),"Applied","Wishlist")),IF($M13="",IF(ISNUMBER($C13),"Applied","Wishlist"),$M13))) | AF13: =IF(AND(ISNUMBER($C13),ISNUMBER($AA13)),$AA13-$C13,"") | AG13: =IF($AE13="","",IFERROR(MATCH($AE13,{"Wishlist","Applied","Screening","Interview 1","Interview 2","Final","Offer","Accepted"},0)-1,"")) | AH13: =IF($AC13="","",MATCH($AC13,{"FOLLOW UP REQUIRED","ACTION DUE TODAY","NO RESPONSE","DUE SOON"},0)*100000+IF(ISNUMBER($O13),$O13,IF(ISNUMBER($C13),$C13,0))+ROW()/10000) | AI13: =IF(AND(ISNUMBER($AG13),$AG13>=1,$AG13<=6,$M13<>"Rejected",$M13<>"Withdrawn"),(10-$AG13)*100000+IF(ISNUMBER($C13),$C13,0)+ROW()/10000,"")
AC14: =IF(OR($D14="",$M14="Rejected",$M14="Withdrawn",$M14="Accepted"),"",IF(ISNUMBER($O14),IF(INT($O14)<TODAY(),"FOLLOW UP REQUIRED",IF(INT($O14)=TODAY(),"ACTION DUE TODAY",IF(INT($O14)-TODAY()<=Set_DueSoonDays,"DUE SOON",""))),IF(AND($M14="Applied",$AA14=""),IF(ISNUMBER($C14),IF(TODAY()-$C14>=Set_FollowUpDays,"NO RESPONSE",""),""),""))) | AD14: =IF(ISNUMBER($L14),IF($L14>=90,"Excellent Match",IF($L14>=75,"Strong Match",IF($L14>=60,"Moderate Match","Low Match"))),"") | AE14: =IF($D14="","",IF(OR($M14="Rejected",$M14="Withdrawn"),IF($AB14<>"",$AB14,IF(OR($M14="Rejected",ISNUMBER($C14)),"Applied","Wishlist")),IF($M14="",IF(ISNUMBER($C14),"Applied","Wishlist"),$M14))) | AF14: =IF(AND(ISNUMBER($C14),ISNUMBER($AA14)),$AA14-$C14,"") | AG14: =IF($AE14="","",IFERROR(MATCH($AE14,{"Wishlist","Applied","Screening","Interview 1","Interview 2","Final","Offer","Accepted"},0)-1,"")) | AH14: =IF($AC14="","",MATCH($AC14,{"FOLLOW UP REQUIRED","ACTION DUE TODAY","NO RESPONSE","DUE SOON"},0)*100000+IF(ISNUMBER($O14),$O14,IF(ISNUMBER($C14),$C14,0))+ROW()/10000) | AI14: =IF(AND(ISNUMBER($AG14),$AG14>=1,$AG14<=6,$M14<>"Rejected",$M14<>"Withdrawn"),(10-$AG14)*100000+IF(ISNUMBER($C14),$C14,0)+ROW()/10000,"")
AC15: =IF(OR($D15="",$M15="Rejected",$M15="Withdrawn",$M15="Accepted"),"",IF(ISNUMBER($O15),IF(INT($O15)<TODAY(),"FOLLOW UP REQUIRED",IF(INT($O15)=TODAY(),"ACTION DUE TODAY",IF(INT($O15)-TODAY()<=Set_DueSoonDays,"DUE SOON",""))),IF(AND($M15="Applied",$AA15=""),IF(ISNUMBER($C15),IF(TODAY()-$C15>=Set_FollowUpDays,"NO RESPONSE",""),""),""))) | AD15: =IF(ISNUMBER($L15),IF($L15>=90,"Excellent Match",IF($L15>=75,"Strong Match",IF($L15>=60,"Moderate Match","Low Match"))),"") | AE15: =IF($D15="","",IF(OR($M15="Rejected",$M15="Withdrawn"),IF($AB15<>"",$AB15,IF(OR($M15="Rejected",ISNUMBER($C15)),"Applied","Wishlist")),IF($M15="",IF(ISNUMBER($C15),"Applied","Wishlist"),$M15))) | AF15: =IF(AND(ISNUMBER($C15),ISNUMBER($AA15)),$AA15-$C15,"") | AG15: =IF($AE15="","",IFERROR(MATCH($AE15,{"Wishlist","Applied","Screening","Interview 1","Interview 2","Final","Offer","Accepted"},0)-1,"")) | AH15: =IF($AC15="","",MATCH($AC15,{"FOLLOW UP REQUIRED","ACTION DUE TODAY","NO RESPONSE","DUE SOON"},0)*100000+IF(ISNUMBER($O15),$O15,IF(ISNUMBER($C15),$C15,0))+ROW()/10000) | AI15: =IF(AND(ISNUMBER($AG15),$AG15>=1,$AG15<=6,$M15<>"Rejected",$M15<>"Withdrawn"),(10-$AG15)*100000+IF(ISNUMBER($C15),$C15,0)+ROW()/10000,"")
AC16: =IF(OR($D16="",$M16="Rejected",$M16="Withdrawn",$M16="Accepted"),"",IF(ISNUMBER($O16),IF(INT($O16)<TODAY(),"FOLLOW UP REQUIRED",IF(INT($O16)=TODAY(),"ACTION DUE TODAY",IF(INT($O16)-TODAY()<=Set_DueSoonDays,"DUE SOON",""))),IF(AND($M16="Applied",$AA16=""),IF(ISNUMBER($C16),IF(TODAY()-$C16>=Set_FollowUpDays,"NO RESPONSE",""),""),""))) | AD16: =IF(ISNUMBER($L16),IF($L16>=90,"Excellent Match",IF($L16>=75,"Strong Match",IF($L16>=60,"Moderate Match","Low Match"))),"") | AE16: =IF($D16="","",IF(OR($M16="Rejected",$M16="Withdrawn"),IF($AB16<>"",$AB16,IF(OR($M16="Rejected",ISNUMBER($C16)),"Applied","Wishlist")),IF($M16="",IF(ISNUMBER($C16),"Applied","Wishlist"),$M16))) | AF16: =IF(AND(ISNUMBER($C16),ISNUMBER($AA16)),$AA16-$C16,"") | AG16: =IF($AE16="","",IFERROR(MATCH($AE16,{"Wishlist","Applied","Screening","Interview 1","Interview 2","Final","Offer","Accepted"},0)-1,"")) | AH16: =IF($AC16="","",MATCH($AC16,{"FOLLOW UP REQUIRED","ACTION DUE TODAY","NO RESPONSE","DUE SOON"},0)*100000+IF(ISNUMBER($O16),$O16,IF(ISNUMBER($C16),$C16,0))+ROW()/10000) | AI16: =IF(AND(ISNUMBER($AG16),$AG16>=1,$AG16<=6,$M16<>"Rejected",$M16<>"Withdrawn"),(10-$AG16)*100000+IF(ISNUMBER($C16),$C16,0)+ROW()/10000,"")
... AC1004: =IF(OR($D1004="",$M1004="Rejected",$M1004="Withdrawn",$M1004="Accepted"),"",IF(ISNUMBER($O1004),IF(INT($O1004)<TODAY(),"FOLLOW UP REQUIRED",IF(INT($O1004)=TODAY(),"ACTION DUE TODAY",IF(INT($O1004)-TODAY()<=Set_DueSoonDays,"DUE SOON",""))),IF(AND($M1004="Applied",$AA1004=""),IF(ISNUMBER($C1004),IF(TODAY()-$C1004>=Set_FollowUpDays,"NO RESPONSE",""),""),""))) | AD1004: =IF(ISNUMBER($L1004),IF($L1004>=90,"Excellent Match",IF($L1004>=75,"Strong Match",IF($L1004>=60,"Moderate Match","Low Match"))),"") | AE1004: =IF($D1004="","",IF(OR($M1004="Rejected",$M1004="Withdrawn"),IF($AB1004<>"",$AB1004,IF(OR($M1004="Rejected",ISNUMBER($C1004)),"Applied","Wishlist")),IF($M1004="",IF(ISNUMBER($C1004),"Applied","Wishlist"),$M1004))) | AF1004: =IF(AND(ISNUMBER($C1004),ISNUMBER($AA1004)),$AA1004-$C1004,"") | AG1004: =IF($AE1004="","",IFERROR(MATCH($AE1004,{"Wishlist","Applied","Screening","Interview 1","Interview 2","Final","Offer","Accepted"},0)-1,"")) | AH1004: =IF($AC1004="","",MATCH($AC1004,{"FOLLOW UP REQUIRED","ACTION DUE TODAY","NO RESPONSE","DUE SOON"},0)*100000+IF(ISNUMBER($O1004),$O1004,IF(ISNUMBER($C1004),$C1004,0))+ROW()/10000) | AI1004: =IF(AND(ISNUMBER($AG1004),$AG1004>=1,$AG1004<=6,$M1004<>"Rejected",$M1004<>"Withdrawn"),(10-$AG1004)*100000+IF(ISNUMBER($C1004),$C1004,0)+ROW()/10000,"")

Sheet Interviews
A1: Interviews | O1: Due-soon days
A2: One row per interview round — preparation, performance and what happens next. | O2: =Set_DueSoonDays
A3: Interviews in the next few days are highlighted; 'Not Started' prep turns red when the interview is close.
A4: Company | B4: Job Title | C4: Interview Stage | D4: Interview Date | E4: Interviewer | F4: Interview Type | G4: Preparation Status | H4: Key Topics | I4: Questions to Ask | J4: My Performance | K4: Feedback | L4: Next Step | M4: Next Step Date | N4: Notes | O4: Upcoming Key (helper)
O5: =IF(AND($A5<>"",ISNUMBER($D5)),IF(AND(INT($D5)>=TODAY(),INT($D5)-TODAY()<=Set_InterviewWindow),$D5+ROW()/100000,""),"")
O6: =IF(AND($A6<>"",ISNUMBER($D6)),IF(AND(INT($D6)>=TODAY(),INT($D6)-TODAY()<=Set_InterviewWindow),$D6+ROW()/100000,""),"")
O7: =IF(AND($A7<>"",ISNUMBER($D7)),IF(AND(INT($D7)>=TODAY(),INT($D7)-TODAY()<=Set_InterviewWindow),$D7+ROW()/100000,""),"")
O8: =IF(AND($A8<>"",ISNUMBER($D8)),IF(AND(INT($D8)>=TODAY(),INT($D8)-TODAY()<=Set_InterviewWindow),$D8+ROW()/100000,""),"")
O9: =IF(AND($A9<>"",ISNUMBER($D9)),IF(AND(INT($D9)>=TODAY(),INT($D9)-TODAY()<=Set_InterviewWindow),$D9+ROW()/100000,""),"")
O10: =IF(AND($A10<>"",ISNUMBER($D10)),IF(AND(INT($D10)>=TODAY(),INT($D10)-TODAY()<=Set_InterviewWindow),$D10+ROW()/100000,""),"")
O11: =IF(AND($A11<>"",ISNUMBER($D11)),IF(AND(INT($D11)>=TODAY(),INT($D11)-TODAY()<=Set_InterviewWindow),$D11+ROW()/100000,""),"")
O12: =IF(AND($A12<>"",ISNUMBER($D12)),IF(AND(INT($D12)>=TODAY(),INT($D12)-TODAY()<=Set_InterviewWindow),$D12+ROW()/100000,""),"")
O13: =IF(AND($A13<>"",ISNUMBER($D13)),IF(AND(INT($D13)>=TODAY(),INT($D13)-TODAY()<=Set_InterviewWindow),$D13+ROW()/100000,""),"")
O14: =IF(AND($A14<>"",ISNUMBER($D14)),IF(AND(INT($D14)>=TODAY(),INT($D14)-TODAY()<=Set_InterviewWindow),$D14+ROW()/100000,""),"")
O15: =IF(AND($A15<>"",ISNUMBER($D15)),IF(AND(INT($D15)>=TODAY(),INT($D15)-TODAY()<=Set_InterviewWindow),$D15+ROW()/100000,""),"")
O16: =IF(AND($A16<>"",ISNUMBER($D16)),IF(AND(INT($D16)>=TODAY(),INT($D16)-TODAY()<=Set_InterviewWindow),$D16+ROW()/100000,""),"")
... O304: =IF(AND($A304<>"",ISNUMBER($D304)),IF(AND(INT($D304)>=TODAY(),INT($D304)-TODAY()<=Set_InterviewWindow),$D304+ROW()/100000,""),"")

Sheet Companies
A1: Companies
A2: Target companies — worth tracking even when there's no perfect opening yet.
A3: Use the same company spelling as on Applications and Contacts so the counts on the right link up. | M3: AUTO-CALCULATED ▸ from Applications & Contacts
A4: Company | B4: Industry | C4: Location | D4: AI Relevance | E4: Target Role | F4: Careers URL | G4: Contact | H4: Contact LinkedIn | I4: Referral | J4: Priority | K4: Status | L4: Notes | M4: Applications | N4: Active Applications | O4: Contacts
M5: =IF($A5="","",COUNTIFS(App_Company,$A5,App_Stage,">=1")) | N5: =IF($A5="","",COUNTIFS(App_Company,$A5,App_ActiveKey,">0")) | O5: =IF($A5="","",COUNTIF(Ct_Company,$A5))
M6: =IF($A6="","",COUNTIFS(App_Company,$A6,App_Stage,">=1")) | N6: =IF($A6="","",COUNTIFS(App_Company,$A6,App_ActiveKey,">0")) | O6: =IF($A6="","",COUNTIF(Ct_Company,$A6))
M7: =IF($A7="","",COUNTIFS(App_Company,$A7,App_Stage,">=1")) | N7: =IF($A7="","",COUNTIFS(App_Company,$A7,App_ActiveKey,">0")) | O7: =IF($A7="","",COUNTIF(Ct_Company,$A7))
M8: =IF($A8="","",COUNTIFS(App_Company,$A8,App_Stage,">=1")) | N8: =IF($A8="","",COUNTIFS(App_Company,$A8,App_ActiveKey,">0")) | O8: =IF($A8="","",COUNTIF(Ct_Company,$A8))
M9: =IF($A9="","",COUNTIFS(App_Company,$A9,App_Stage,">=1")) | N9: =IF($A9="","",COUNTIFS(App_Company,$A9,App_ActiveKey,">0")) | O9: =IF($A9="","",COUNTIF(Ct_Company,$A9))
M10: =IF($A10="","",COUNTIFS(App_Company,$A10,App_Stage,">=1")) | N10: =IF($A10="","",COUNTIFS(App_Company,$A10,App_ActiveKey,">0")) | O10: =IF($A10="","",COUNTIF(Ct_Company,$A10))
M11: =IF($A11="","",COUNTIFS(App_Company,$A11,App_Stage,">=1")) | N11: =IF($A11="","",COUNTIFS(App_Company,$A11,App_ActiveKey,">0")) | O11: =IF($A11="","",COUNTIF(Ct_Company,$A11))
M12: =IF($A12="","",COUNTIFS(App_Company,$A12,App_Stage,">=1")) | N12: =IF($A12="","",COUNTIFS(App_Company,$A12,App_ActiveKey,">0")) | O12: =IF($A12="","",COUNTIF(Ct_Company,$A12))
M13: =IF($A13="","",COUNTIFS(App_Company,$A13,App_Stage,">=1")) | N13: =IF($A13="","",COUNTIFS(App_Company,$A13,App_ActiveKey,">0")) | O13: =IF($A13="","",COUNTIF(Ct_Company,$A13))
M14: =IF($A14="","",COUNTIFS(App_Company,$A14,App_Stage,">=1")) | N14: =IF($A14="","",COUNTIFS(App_Company,$A14,App_ActiveKey,">0")) | O14: =IF($A14="","",COUNTIF(Ct_Company,$A14))
M15: =IF($A15="","",COUNTIFS(App_Company,$A15,App_Stage,">=1")) | N15: =IF($A15="","",COUNTIFS(App_Company,$A15,App_ActiveKey,">0")) | O15: =IF($A15="","",COUNTIF(Ct_Company,$A15))
M16: =IF($A16="","",COUNTIFS(App_Company,$A16,App_Stage,">=1")) | N16: =IF($A16="","",COUNTIFS(App_Company,$A16,App_ActiveKey,">0")) | O16: =IF($A16="","",COUNTIF(Ct_Company,$A16))
... M304: =IF($A304="","",COUNTIFS(App_Company,$A304,App_Stage,">=1")) | N304: =IF($A304="","",COUNTIFS(App_Company,$A304,App_ActiveKey,">0")) | O304: =IF($A304="","",COUNTIF(Ct_Company,$A304))

Sheet Contacts
A1: Contacts | M1: Due-soon days
A2: Networking: recruiters, hiring managers, alumni and referrers. | M2: =Set_DueSoonDays
A3: Set a Follow-up Date for anyone you want to ping — due and overdue ones appear on Follow-Ups.
A4: Name | B4: Company | C4: Job Title | D4: LinkedIn | E4: Connection Date | F4: Relationship | G4: Contacted? | H4: Message Sent | I4: Response | J4: Follow-up Date | K4: Referral Potential | L4: Notes | M4: Follow-up Key (helper)
M5: =IF(AND($A5<>"",ISNUMBER($J5)),IF(INT($J5)-TODAY()<=Set_DueSoonDays,INT($J5)+ROW()/10000,""),"")
M6: =IF(AND($A6<>"",ISNUMBER($J6)),IF(INT($J6)-TODAY()<=Set_DueSoonDays,INT($J6)+ROW()/10000,""),"")
M7: =IF(AND($A7<>"",ISNUMBER($J7)),IF(INT($J7)-TODAY()<=Set_DueSoonDays,INT($J7)+ROW()/10000,""),"")
M8: =IF(AND($A8<>"",ISNUMBER($J8)),IF(INT($J8)-TODAY()<=Set_DueSoonDays,INT($J8)+ROW()/10000,""),"")
M9: =IF(AND($A9<>"",ISNUMBER($J9)),IF(INT($J9)-TODAY()<=Set_DueSoonDays,INT($J9)+ROW()/10000,""),"")
M10: =IF(AND($A10<>"",ISNUMBER($J10)),IF(INT($J10)-TODAY()<=Set_DueSoonDays,INT($J10)+ROW()/10000,""),"")
M11: =IF(AND($A11<>"",ISNUMBER($J11)),IF(INT($J11)-TODAY()<=Set_DueSoonDays,INT($J11)+ROW()/10000,""),"")
M12: =IF(AND($A12<>"",ISNUMBER($J12)),IF(INT($J12)-TODAY()<=Set_DueSoonDays,INT($J12)+ROW()/10000,""),"")
M13: =IF(AND($A13<>"",ISNUMBER($J13)),IF(INT($J13)-TODAY()<=Set_DueSoonDays,INT($J13)+ROW()/10000,""),"")
M14: =IF(AND($A14<>"",ISNUMBER($J14)),IF(INT($J14)-TODAY()<=Set_DueSoonDays,INT($J14)+ROW()/10000,""),"")
M15: =IF(AND($A15<>"",ISNUMBER($J15)),IF(INT($J15)-TODAY()<=Set_DueSoonDays,INT($J15)+ROW()/10000,""),"")
M16: =IF(AND($A16<>"",ISNUMBER($J16)),IF(INT($J16)-TODAY()<=Set_DueSoonDays,INT($J16)+ROW()/10000,""),"")
... M504: =IF(AND($A504<>"",ISNUMBER($J504)),IF(INT($J504)-TODAY()<=Set_DueSoonDays,INT($J504)+ROW()/10000,""),"")

Sheet Analytics
B1: Analytics
B2: What's working? Interview = reached Interview 1 or later (including applications later rejected). Rates use submitted applications (status beyond Wishlist).
B3: ="A group is only called 'best' once it has at least "&Set_MinSample&" applications (Settings) — small samples are noise."
B5: SUMMARY
B6: Applications submitted | C6: =COUNTIFS(App_Stage,">=1")
B7: Reached interview (Interview 1+) | C7: =COUNTIFS(App_Stage,">=3")
B8: Application → Interview rate | C8: =IF(C6=0,"–",C7/C6)
B9: Avg. Match % · applications that reached interview | C9: =IFERROR(AVERAGEIFS(App_Match,App_Stage,">=3"),"–")
B10: Avg. Match % · applications without an interview | C10: =IFERROR(AVERAGEIFS(App_Match,App_Stage,">=1",App_Stage,"<=2"),"–")
B13: INTERVIEW RATE BY CV VERSION
B14: CV Version | C14: Applications | D14: Interviews | E14: Interview Rate | F14: Offers | G14: Interview rate
B15: =Settings!$I$13 | C15: =COUNTIFS(App_CV,$B15,App_Stage,">=1") | D15: =COUNTIFS(App_CV,$B15,App_Stage,">=3") | E15: =IF(C15=0,"–",D15/C15) | F15: =COUNTIFS(App_CV,$B15,App_Stage,">=6") | G15: =IF(ISNUMBER(E15),IF(E15>0,REPT("█",MAX(1,ROUND(E15*14,0))),""),"") | H15: =IF(AND(C15>0,C15>=Set_MinSample),D15/C15,-1)
B16: =Settings!$I$14 | C16: =COUNTIFS(App_CV,$B16,App_Stage,">=1") | D16: =COUNTIFS(App_CV,$B16,App_Stage,">=3") | E16: =IF(C16=0,"–",D16/C16) | F16: =COUNTIFS(App_CV,$B16,App_Stage,">=6") | G16: =IF(ISNUMBER(E16),IF(E16>0,REPT("█",MAX(1,ROUND(E16*14,0))),""),"") | H16: =IF(AND(C16>0,C16>=Set_MinSample),D16/C16,-1)
B17: =Settings!$I$15 | C17: =COUNTIFS(App_CV,$B17,App_Stage,">=1") | D17: =COUNTIFS(App_CV,$B17,App_Stage,">=3") | E17: =IF(C17=0,"–",D17/C17) | F17: =COUNTIFS(App_CV,$B17,App_Stage,">=6") | G17: =IF(ISNUMBER(E17),IF(E17>0,REPT("█",MAX(1,ROUND(E17*14,0))),""),"") | H17: =IF(AND(C17>0,C17>=Set_MinSample),D17/C17,-1)
B18: =Settings!$I$16 | C18: =COUNTIFS(App_CV,$B18,App_Stage,">=1") | D18: =COUNTIFS(App_CV,$B18,App_Stage,">=3") | E18: =IF(C18=0,"–",D18/C18) | F18: =COUNTIFS(App_CV,$B18,App_Stage,">=6") | G18: =IF(ISNUMBER(E18),IF(E18>0,REPT("█",MAX(1,ROUND(E18*14,0))),""),"") | H18: =IF(AND(C18>0,C18>=Set_MinSample),D18/C18,-1)
B19: =Settings!$I$17 | C19: =COUNTIFS(App_CV,$B19,App_Stage,">=1") | D19: =COUNTIFS(App_CV,$B19,App_Stage,">=3") | E19: =IF(C19=0,"–",D19/C19) | F19: =COUNTIFS(App_CV,$B19,App_Stage,">=6") | G19: =IF(ISNUMBER(E19),IF(E19>0,REPT("█",MAX(1,ROUND(E19*14,0))),""),"") | H19: =IF(AND(C19>0,C19>=Set_MinSample),D19/C19,-1)
B20: =Settings!$I$18 | C20: =COUNTIFS(App_CV,$B20,App_Stage,">=1") | D20: =COUNTIFS(App_CV,$B20,App_Stage,">=3") | E20: =IF(C20=0,"–",D20/C20) | F20: =COUNTIFS(App_CV,$B20,App_Stage,">=6") | G20: =IF(ISNUMBER(E20),IF(E20>0,REPT("█",MAX(1,ROUND(E20*14,0))),""),"") | H20: =IF(AND(C20>0,C20>=Set_MinSample),D20/C20,-1)
B21: =Settings!$I$19 | C21: =COUNTIFS(App_CV,$B21,App_Stage,">=1") | D21: =COUNTIFS(App_CV,$B21,App_Stage,">=3") | E21: =IF(C21=0,"–",D21/C21) | F21: =COUNTIFS(App_CV,$B21,App_Stage,">=6") | G21: =IF(ISNUMBER(E21),IF(E21>0,REPT("█",MAX(1,ROUND(E21*14,0))),""),"") | H21: =IF(AND(C21>0,C21>=Set_MinSample),D21/C21,-1)
B22: Not set | C22: =MAX(0,$C$6-SUM(C15:C21)) | D22: =MAX(0,$C$7-SUM(D15:D21)) | E22: =IF(C22=0,"–",D22/C22) | F22: =MAX(0,COUNTIFS(App_Stage,">=6")-SUM(F15:F21)) | G22: =IF(ISNUMBER(E22),IF(E22>0,REPT("█",MAX(1,ROUND(E22*14,0))),""),"") | H22: -1
B23: Best performer | C23: =IF(MAX($H$15:$H$22)<0,"Not enough data yet — min. "&Set_MinSample&" applications per group",IF(MAX($H$15:$H$22)=0,"No interviews yet",INDEX($B$15:$B$22,MATCH(MAX($H$15:$H$22),$H$15:$H$22,0))&" — "&ROUND(MAX($H$15:$H$22)*100,0)&"% interview rate ("&INDEX($D$15:$D$22,MATCH(MAX($H$15:$H$22),$H$15:$H$22,0))&" of "&INDEX($C$15:$C$22,MATCH(MAX($H$15:$H$22),$H$15:$H$22,0))&")"))
B26: INTERVIEW RATE BY ROLE CATEGORY
B27: Role Category | C27: Applications | D27: Interviews | E27: Interview Rate | F27: Offers | G27: Interview rate
B28: =Settings!$J$13 | C28: =COUNTIFS(App_Role,$B28,App_Stage,">=1") | D28: =COUNTIFS(App_Role,$B28,App_Stage,">=3") | E28: =IF(C28=0,"–",D28/C28) | F28: =COUNTIFS(App_Role,$B28,App_Stage,">=6") | G28: =IF(ISNUMBER(E28),IF(E28>0,REPT("█",MAX(1,ROUND(E28*14,0))),""),"") | H28: =IF(AND(C28>0,C28>=Set_MinSample),D28/C28,-1)
B29: =Settings!$J$14 | C29: =COUNTIFS(App_Role,$B29,App_Stage,">=1") | D29: =COUNTIFS(App_Role,$B29,App_Stage,">=3") | E29: =IF(C29=0,"–",D29/C29) | F29: =COUNTIFS(App_Role,$B29,App_Stage,">=6") | G29: =IF(ISNUMBER(E29),IF(E29>0,REPT("█",MAX(1,ROUND(E29*14,0))),""),"") | H29: =IF(AND(C29>0,C29>=Set_MinSample),D29/C29,-1)
B30: =Settings!$J$15 | C30: =COUNTIFS(App_Role,$B30,App_Stage,">=1") | D30: =COUNTIFS(App_Role,$B30,App_Stage,">=3") | E30: =IF(C30=0,"–",D30/C30) | F30: =COUNTIFS(App_Role,$B30,App_Stage,">=6") | G30: =IF(ISNUMBER(E30),IF(E30>0,REPT("█",MAX(1,ROUND(E30*14,0))),""),"") | H30: =IF(AND(C30>0,C30>=Set_MinSample),D30/C30,-1)
B31: =Settings!$J$16 | C31: =COUNTIFS(App_Role,$B31,App_Stage,">=1") | D31: =COUNTIFS(App_Role,$B31,App_Stage,">=3") | E31: =IF(C31=0,"–",D31/C31) | F31: =COUNTIFS(App_Role,$B31,App_Stage,">=6") | G31: =IF(ISNUMBER(E31),IF(E31>0,REPT("█",MAX(1,ROUND(E31*14,0))),""),"") | H31: =IF(AND(C31>0,C31>=Set_MinSample),D31/C31,-1)
B32: =Settings!$J$17 | C32: =COUNTIFS(App_Role,$B32,App_Stage,">=1") | D32: =COUNTIFS(App_Role,$B32,App_Stage,">=3") | E32: =IF(C32=0,"–",D32/C32) | F32: =COUNTIFS(App_Role,$B32,App_Stage,">=6") | G32: =IF(ISNUMBER(E32),IF(E32>0,REPT("█",MAX(1,ROUND(E32*14,0))),""),"") | H32: =IF(AND(C32>0,C32>=Set_MinSample),D32/C32,-1)
B33: =Settings!$J$18 | C33: =COUNTIFS(App_Role,$B33,App_Stage,">=1") | D33: =COUNTIFS(App_Role,$B33,App_Stage,">=3") | E33: =IF(C33=0,"–",D33/C33) | F33: =COUNTIFS(App_Role,$B33,App_Stage,">=6") | G33: =IF(ISNUMBER(E33),IF(E33>0,REPT("█",MAX(1,ROUND(E33*14,0))),""),"") | H33: =IF(AND(C33>0,C33>=Set_MinSample),D33/C33,-1)
B34: =Settings!$J$19 | C34: =COUNTIFS(App_Role,$B34,App_Stage,">=1") | D34: =COUNTIFS(App_Role,$B34,App_Stage,">=3") | E34: =IF(C34=0,"–",D34/C34) | F34: =COUNTIFS(App_Role,$B34,App_Stage,">=6") | G34: =IF(ISNUMBER(E34),IF(E34>0,REPT("█",MAX(1,ROUND(E34*14,0))),""),"") | H34: =IF(AND(C34>0,C34>=Set_MinSample),D34/C34,-1)
B35: =Settings!$J$20 | C35: =COUNTIFS(App_Role,$B35,App_Stage,">=1") | D35: =COUNTIFS(App_Role,$B35,App_Stage,">=3") | E35: =IF(C35=0,"–",D35/C35) | F35: =COUNTIFS(App_Role,$B35,App_Stage,">=6") | G35: =IF(ISNUMBER(E35),IF(E35>0,REPT("█",MAX(1,ROUND(E35*14,0))),""),"") | H35: =IF(AND(C35>0,C35>=Set_MinSample),D35/C35,-1)
B36: =Settings!$J$21 | C36: =COUNTIFS(App_Role,$B36,App_Stage,">=1") | D36: =COUNTIFS(App_Role,$B36,App_Stage,">=3") | E36: =IF(C36=0,"–",D36/C36) | F36: =COUNTIFS(App_Role,$B36,App_Stage,">=6") | G36: =IF(ISNUMBER(E36),IF(E36>0,REPT("█",MAX(1,ROUND(E36*14,0))),""),"") | H36: =IF(AND(C36>0,C36>=Set_MinSample),D36/C36,-1)
B37: =Settings!$J$22 | C37: =COUNTIFS(App_Role,$B37,App_Stage,">=1") | D37: =COUNTIFS(App_Role,$B37,App_Stage,">=3") | E37: =IF(C37=0,"–",D37/C37) | F37: =COUNTIFS(App_Role,$B37,App_Stage,">=6") | G37: =IF(ISNUMBER(E37),IF(E37>0,REPT("█",MAX(1,ROUND(E37*14,0))),""),"") | H37: =IF(AND(C37>0,C37>=Set_MinSample),D37/C37,-1)
B38: =Settings!$J$23 | C38: =COUNTIFS(App_Role,$B38,App_Stage,">=1") | D38: =COUNTIFS(App_Role,$B38,App_Stage,">=3") | E38: =IF(C38=0,"–",D38/C38) | F38: =COUNTIFS(App_Role,$B38,App_Stage,">=6") | G38: =IF(ISNUMBER(E38),IF(E38>0,REPT("█",MAX(1,ROUND(E38*14,0))),""),"") | H38: =IF(AND(C38>0,C38>=Set_MinSample),D38/C38,-1)
B39: Not set | C39: =MAX(0,$C$6-SUM(C28:C38)) | D39: =MAX(0,$C$7-SUM(D28:D38)) | E39: =IF(C39=0,"–",D39/C39) | F39: =MAX(0,COUNTIFS(App_Stage,">=6")-SUM(F28:F38)) | G39: =IF(ISNUMBER(E39),IF(E39>0,REPT("█",MAX(1,ROUND(E39*14,0))),""),"") | H39: -1
B40: Best performer | C40: =IF(MAX($H$28:$H$39)<0,"Not enough data yet — min. "&Set_MinSample&" applications per group",IF(MAX($H$28:$H$39)=0,"No interviews yet",INDEX($B$28:$B$39,MATCH(MAX($H$28:$H$39),$H$28:$H$39,0))&" — "&ROUND(MAX($H$28:$H$39)*100,0)&"% interview rate ("&INDEX($D$28:$D$39,MATCH(MAX($H$28:$H$39),$H$28:$H$39,0))&" of "&INDEX($C$28:$C$39,MATCH(MAX($H$28:$H$39),$H$28:$H$39,0))&")"))
B43: INTERVIEW RATE BY SOURCE
B44: Source | C44: Applications | D44: Interviews | E44: Interview Rate | F44: Offers | G44: Interview rate
B45: =Settings!$D$13 | C45: =COUNTIFS(App_Source,$B45,App_Stage,">=1") | D45: =COUNTIFS(App_Source,$B45,App_Stage,">=3") | E45: =IF(C45=0,"–",D45/C45) | F45: =COUNTIFS(App_Source,$B45,App_Stage,">=6") | G45: =IF(ISNUMBER(E45),IF(E45>0,REPT("█",MAX(1,ROUND(E45*14,0))),""),"") | H45: =IF(AND(C45>0,C45>=Set_MinSample),D45/C45,-1)
B46: =Settings!$D$14 | C46: =COUNTIFS(App_Source,$B46,App_Stage,">=1") | D46: =COUNTIFS(App_Source,$B46,App_Stage,">=3") | E46: =IF(C46=0,"–",D46/C46) | F46: =COUNTIFS(App_Source,$B46,App_Stage,">=6") | G46: =IF(ISNUMBER(E46),IF(E46>0,REPT("█",MAX(1,ROUND(E46*14,0))),""),"") | H46: =IF(AND(C46>0,C46>=Set_MinSample),D46/C46,-1)
B47: =Settings!$D$15 | C47: =COUNTIFS(App_Source,$B47,App_Stage,">=1") | D47: =COUNTIFS(App_Source,$B47,App_Stage,">=3") | E47: =IF(C47=0,"–",D47/C47) | F47: =COUNTIFS(App_Source,$B47,App_Stage,">=6") | G47: =IF(ISNUMBER(E47),IF(E47>0,REPT("█",MAX(1,ROUND(E47*14,0))),""),"") | H47: =IF(AND(C47>0,C47>=Set_MinSample),D47/C47,-1)
B48: =Settings!$D$16 | C48: =COUNTIFS(App_Source,$B48,App_Stage,">=1") | D48: =COUNTIFS(App_Source,$B48,App_Stage,">=3") | E48: =IF(C48=0,"–",D48/C48) | F48: =COUNTIFS(App_Source,$B48,App_Stage,">=6") | G48: =IF(ISNUMBER(E48),IF(E48>0,REPT("█",MAX(1,ROUND(E48*14,0))),""),"") | H48: =IF(AND(C48>0,C48>=Set_MinSample),D48/C48,-1)
B49: =Settings!$D$17 | C49: =COUNTIFS(App_Source,$B49,App_Stage,">=1") | D49: =COUNTIFS(App_Source,$B49,App_Stage,">=3") | E49: =IF(C49=0,"–",D49/C49) | F49: =COUNTIFS(App_Source,$B49,App_Stage,">=6") | G49: =IF(ISNUMBER(E49),IF(E49>0,REPT("█",MAX(1,ROUND(E49*14,0))),""),"") | H49: =IF(AND(C49>0,C49>=Set_MinSample),D49/C49,-1)
B50: =Settings!$D$18 | C50: =COUNTIFS(App_Source,$B50,App_Stage,">=1") | D50: =COUNTIFS(App_Source,$B50,App_Stage,">=3") | E50: =IF(C50=0,"–",D50/C50) | F50: =COUNTIFS(App_Source,$B50,App_Stage,">=6") | G50: =IF(ISNUMBER(E50),IF(E50>0,REPT("█",MAX(1,ROUND(E50*14,0))),""),"") | H50: =IF(AND(C50>0,C50>=Set_MinSample),D50/C50,-1)
B51: =Settings!$D$19 | C51: =COUNTIFS(App_Source,$B51,App_Stage,">=1") | D51: =COUNTIFS(App_Source,$B51,App_Stage,">=3") | E51: =IF(C51=0,"–",D51/C51) | F51: =COUNTIFS(App_Source,$B51,App_Stage,">=6") | G51: =IF(ISNUMBER(E51),IF(E51>0,REPT("█",MAX(1,ROUND(E51*14,0))),""),"") | H51: =IF(AND(C51>0,C51>=Set_MinSample),D51/C51,-1)
B52: =Settings!$D$20 | C52: =COUNTIFS(App_Source,$B52,App_Stage,">=1") | D52: =COUNTIFS(App_Source,$B52,App_Stage,">=3") | E52: =IF(C52=0,"–",D52/C52) | F52: =COUNTIFS(App_Source,$B52,App_Stage,">=6") | G52: =IF(ISNUMBER(E52),IF(E52>0,REPT("█",MAX(1,ROUND(E52*14,0))),""),"") | H52: =IF(AND(C52>0,C52>=Set_MinSample),D52/C52,-1)
B53: =Settings!$D$21 | C53: =COUNTIFS(App_Source,$B53,App_Stage,">=1") | D53: =COUNTIFS(App_Source,$B53,App_Stage,">=3") | E53: =IF(C53=0,"–",D53/C53) | F53: =COUNTIFS(App_Source,$B53,App_Stage,">=6") | G53: =IF(ISNUMBER(E53),IF(E53>0,REPT("█",MAX(1,ROUND(E53*14,0))),""),"") | H53: =IF(AND(C53>0,C53>=Set_MinSample),D53/C53,-1)
B54: =Settings!$D$22 | C54: =COUNTIFS(App_Source,$B54,App_Stage,">=1") | D54: =COUNTIFS(App_Source,$B54,App_Stage,">=3") | E54: =IF(C54=0,"–",D54/C54) | F54: =COUNTIFS(App_Source,$B54,App_Stage,">=6") | G54: =IF(ISNUMBER(E54),IF(E54>0,REPT("█",MAX(1,ROUND(E54*14,0))),""),"") | H54: =IF(AND(C54>0,C54>=Set_MinSample),D54/C54,-1)
B55: Not set | C55: =MAX(0,$C$6-SUM(C45:C54)) | D55: =MAX(0,$C$7-SUM(D45:D54)) | E55: =IF(C55=0,"–",D55/C55) | F55: =MAX(0,COUNTIFS(App_Stage,">=6")-SUM(F45:F54)) | G55: =IF(ISNUMBER(E55),IF(E55>0,REPT("█",MAX(1,ROUND(E55*14,0))),""),"") | H55: -1
B56: Best performer | C56: =IF(MAX($H$45:$H$55)<0,"Not enough data yet — min. "&Set_MinSample&" applications per group",IF(MAX($H$45:$H$55)=0,"No interviews yet",INDEX($B$45:$B$55,MATCH(MAX($H$45:$H$55),$H$45:$H$55,0))&" — "&ROUND(MAX($H$45:$H$55)*100,0)&"% interview rate ("&INDEX($D$45:$D$55,MATCH(MAX($H$45:$H$55),$H$45:$H$55,0))&" of "&INDEX($C$45:$C$55,MATCH(MAX($H$45:$H$55),$H$45:$H$55,0))&")"))
B59: INTERVIEW RATE BY MATCH % (YOUR ASSESSMENT)
B60: Match Category | C60: Applications | D60: Interviews | E60: Interview Rate | F60: Offers | G60: Interview rate
B61: Excellent Match (90–100%) | C61: =COUNTIFS(App_MatchCat,"Excellent Match",App_Stage,">=1") | D61: =COUNTIFS(App_MatchCat,"Excellent Match",App_Stage,">=3") | E61: =IF(C61=0,"–",D61/C61) | F61: =COUNTIFS(App_MatchCat,"Excellent Match",App_Stage,">=6") | G61: =IF(ISNUMBER(E61),IF(E61>0,REPT("█",MAX(1,ROUND(E61*14,0))),""),"") | H61: =IF(AND(C61>0,C61>=Set_MinSample),D61/C61,-1)
B62: Strong Match (75–89%) | C62: =COUNTIFS(App_MatchCat,"Strong Match",App_Stage,">=1") | D62: =COUNTIFS(App_MatchCat,"Strong Match",App_Stage,">=3") | E62: =IF(C62=0,"–",D62/C62) | F62: =COUNTIFS(App_MatchCat,"Strong Match",App_Stage,">=6") | G62: =IF(ISNUMBER(E62),IF(E62>0,REPT("█",MAX(1,ROUND(E62*14,0))),""),"") | H62: =IF(AND(C62>0,C62>=Set_MinSample),D62/C62,-1)
B63: Moderate Match (60–74%) | C63: =COUNTIFS(App_MatchCat,"Moderate Match",App_Stage,">=1") | D63: =COUNTIFS(App_MatchCat,"Moderate Match",App_Stage,">=3") | E63: =IF(C63=0,"–",D63/C63) | F63: =COUNTIFS(App_MatchCat,"Moderate Match",App_Stage,">=6") | G63: =IF(ISNUMBER(E63),IF(E63>0,REPT("█",MAX(1,ROUND(E63*14,0))),""),"") | H63: =IF(AND(C63>0,C63>=Set_MinSample),D63/C63,-1)
B64: Low Match (below 60%) | C64: =COUNTIFS(App_MatchCat,"Low Match",App_Stage,">=1") | D64: =COUNTIFS(App_MatchCat,"Low Match",App_Stage,">=3") | E64: =IF(C64=0,"–",D64/C64) | F64: =COUNTIFS(App_MatchCat,"Low Match",App_Stage,">=6") | G64: =IF(ISNUMBER(E64),IF(E64>0,REPT("█",MAX(1,ROUND(E64*14,0))),""),"") | H64: =IF(AND(C64>0,C64>=Set_MinSample),D64/C64,-1)
B65: Not rated | C65: =MAX(0,$C$6-SUM(C61:C64)) | D65: =MAX(0,$C$7-SUM(D61:D64)) | E65: =IF(C65=0,"–",D65/C65) | F65: =MAX(0,COUNTIFS(App_Stage,">=6")-SUM(F61:F64)) | G65: =IF(ISNUMBER(E65),IF(E65>0,REPT("█",MAX(1,ROUND(E65*14,0))),""),"") | H65: -1
B66: Best performer | C66: =IF(MAX($H$61:$H$65)<0,"Not enough data yet — min. "&Set_MinSample&" applications per group",IF(MAX($H$61:$H$65)=0,"No interviews yet",INDEX($B$61:$B$65,MATCH(MAX($H$61:$H$65),$H$61:$H$65,0))&" — "&ROUND(MAX($H$61:$H$65)*100,0)&"% interview rate ("&INDEX($D$61:$D$65,MATCH(MAX($H$61:$H$65),$H$61:$H$65,0))&" of "&INDEX($C$61:$C$65,MATCH(MAX($H$61:$H$65),$H$61:$H$65,0))&")"))
B69: WEEKLY ACTIVITY — LAST 12 WEEKS (MONDAY TO SUNDAY)
B70: Calendar week | C70: Week of (Mon) | D70: Applications | E70: Interviews held | G70: Applications
B71: ="KW "&WEEKNUM(C71,21)&IF(C71=TODAY()-WEEKDAY(TODAY(),2)+1," (this week)","") | C71: =TODAY()-WEEKDAY(TODAY(),2)+1-7*11 | D71: =COUNTIFS(App_DateApplied,">="&C71,App_DateApplied,"<"&(C71+7)) | E71: =COUNTIFS(Int_Date,">="&C71,Int_Date,"<"&(C71+7)) | G71: =IF(OR(NOT(ISNUMBER(D71)),MAX($D$71:$D$82)<=0),"",IF(D71<=0,"",REPT("█",MAX(1,ROUND(D71/MAX($D$71:$D$82)*14,0)))))
B72: ="KW "&WEEKNUM(C72,21)&IF(C72=TODAY()-WEEKDAY(TODAY(),2)+1," (this week)","") | C72: =TODAY()-WEEKDAY(TODAY(),2)+1-7*10 | D72: =COUNTIFS(App_DateApplied,">="&C72,App_DateApplied,"<"&(C72+7)) | E72: =COUNTIFS(Int_Date,">="&C72,Int_Date,"<"&(C72+7)) | G72: =IF(OR(NOT(ISNUMBER(D72)),MAX($D$71:$D$82)<=0),"",IF(D72<=0,"",REPT("█",MAX(1,ROUND(D72/MAX($D$71:$D$82)*14,0)))))
B73: ="KW "&WEEKNUM(C73,21)&IF(C73=TODAY()-WEEKDAY(TODAY(),2)+1," (this week)","") | C73: =TODAY()-WEEKDAY(TODAY(),2)+1-7*9 | D73: =COUNTIFS(App_DateApplied,">="&C73,App_DateApplied,"<"&(C73+7)) | E73: =COUNTIFS(Int_Date,">="&C73,Int_Date,"<"&(C73+7)) | G73: =IF(OR(NOT(ISNUMBER(D73)),MAX($D$71:$D$82)<=0),"",IF(D73<=0,"",REPT("█",MAX(1,ROUND(D73/MAX($D$71:$D$82)*14,0)))))
B74: ="KW "&WEEKNUM(C74,21)&IF(C74=TODAY()-WEEKDAY(TODAY(),2)+1," (this week)","") | C74: =TODAY()-WEEKDAY(TODAY(),2)+1-7*8 | D74: =COUNTIFS(App_DateApplied,">="&C74,App_DateApplied,"<"&(C74+7)) | E74: =COUNTIFS(Int_Date,">="&C74,Int_Date,"<"&(C74+7)) | G74: =IF(OR(NOT(ISNUMBER(D74)),MAX($D$71:$D$82)<=0),"",IF(D74<=0,"",REPT("█",MAX(1,ROUND(D74/MAX($D$71:$D$82)*14,0)))))
B75: ="KW "&WEEKNUM(C75,21)&IF(C75=TODAY()-WEEKDAY(TODAY(),2)+1," (this week)","") | C75: =TODAY()-WEEKDAY(TODAY(),2)+1-7*7 | D75: =COUNTIFS(App_DateApplied,">="&C75,App_DateApplied,"<"&(C75+7)) | E75: =COUNTIFS(Int_Date,">="&C75,Int_Date,"<"&(C75+7)) | G75: =IF(OR(NOT(ISNUMBER(D75)),MAX($D$71:$D$82)<=0),"",IF(D75<=0,"",REPT("█",MAX(1,ROUND(D75/MAX($D$71:$D$82)*14,0)))))
B76: ="KW "&WEEKNUM(C76,21)&IF(C76=TODAY()-WEEKDAY(TODAY(),2)+1," (this week)","") | C76: =TODAY()-WEEKDAY(TODAY(),2)+1-7*6 | D76: =COUNTIFS(App_DateApplied,">="&C76,App_DateApplied,"<"&(C76+7)) | E76: =COUNTIFS(Int_Date,">="&C76,Int_Date,"<"&(C76+7)) | G76: =IF(OR(NOT(ISNUMBER(D76)),MAX($D$71:$D$82)<=0),"",IF(D76<=0,"",REPT("█",MAX(1,ROUND(D76/MAX($D$71:$D$82)*14,0)))))
B77: ="KW "&WEEKNUM(C77,21)&IF(C77=TODAY()-WEEKDAY(TODAY(),2)+1," (this week)","") | C77: =TODAY()-WEEKDAY(TODAY(),2)+1-7*5 | D77: =COUNTIFS(App_DateApplied,">="&C77,App_DateApplied,"<"&(C77+7)) | E77: =COUNTIFS(Int_Date,">="&C77,Int_Date,"<"&(C77+7)) | G77: =IF(OR(NOT(ISNUMBER(D77)),MAX($D$71:$D$82)<=0),"",IF(D77<=0,"",REPT("█",MAX(1,ROUND(D77/MAX($D$71:$D$82)*14,0)))))
B78: ="KW "&WEEKNUM(C78,21)&IF(C78=TODAY()-WEEKDAY(TODAY(),2)+1," (this week)","") | C78: =TODAY()-WEEKDAY(TODAY(),2)+1-7*4 | D78: =COUNTIFS(App_DateApplied,">="&C78,App_DateApplied,"<"&(C78+7)) | E78: =COUNTIFS(Int_Date,">="&C78,Int_Date,"<"&(C78+7)) | G78: =IF(OR(NOT(ISNUMBER(D78)),MAX($D$71:$D$82)<=0),"",IF(D78<=0,"",REPT("█",MAX(1,ROUND(D78/MAX($D$71:$D$82)*14,0)))))
B79: ="KW "&WEEKNUM(C79,21)&IF(C79=TODAY()-WEEKDAY(TODAY(),2)+1," (this week)","") | C79: =TODAY()-WEEKDAY(TODAY(),2)+1-7*3 | D79: =COUNTIFS(App_DateApplied,">="&C79,App_DateApplied,"<"&(C79+7)) | E79: =COUNTIFS(Int_Date,">="&C79,Int_Date,"<"&(C79+7)) | G79: =IF(OR(NOT(ISNUMBER(D79)),MAX($D$71:$D$82)<=0),"",IF(D79<=0,"",REPT("█",MAX(1,ROUND(D79/MAX($D$71:$D$82)*14,0)))))
B80: ="KW "&WEEKNUM(C80,21)&IF(C80=TODAY()-WEEKDAY(TODAY(),2)+1," (this week)","") | C80: =TODAY()-WEEKDAY(TODAY(),2)+1-7*2 | D80: =COUNTIFS(App_DateApplied,">="&C80,App_DateApplied,"<"&(C80+7)) | E80: =COUNTIFS(Int_Date,">="&C80,Int_Date,"<"&(C80+7)) | G80: =IF(OR(NOT(ISNUMBER(D80)),MAX($D$71:$D$82)<=0),"",IF(D80<=0,"",REPT("█",MAX(1,ROUND(D80/MAX($D$71:$D$82)*14,0)))))
B81: ="KW "&WEEKNUM(C81,21)&IF(C81=TODAY()-WEEKDAY(TODAY(),2)+1," (this week)","") | C81: =TODAY()-WEEKDAY(TODAY(),2)+1-7*1 | D81: =COUNTIFS(App_DateApplied,">="&C81,App_DateApplied,"<"&(C81+7)) | E81: =COUNTIFS(Int_Date,">="&C81,Int_Date,"<"&(C81+7)) | G81: =IF(OR(NOT(ISNUMBER(D81)),MAX($D$71:$D$82)<=0),"",IF(D81<=0,"",REPT("█",MAX(1,ROUND(D81/MAX($D$71:$D$82)*14,0)))))
B82: ="KW "&WEEKNUM(C82,21)&IF(C82=TODAY()-WEEKDAY(TODAY(),2)+1," (this week)","") | C82: =TODAY()-WEEKDAY(TODAY(),2)+1-7*0 | D82: =COUNTIFS(App_DateApplied,">="&C82,App_DateApplied,"<"&(C82+7)) | E82: =COUNTIFS(Int_Date,">="&C82,Int_Date,"<"&(C82+7)) | G82: =IF(OR(NOT(ISNUMBER(D82)),MAX($D$71:$D$82)<=0),"",IF(D82<=0,"",REPT("█",MAX(1,ROUND(D82/MAX($D$71:$D$82)*14,0)))))
B83: Average per week | D83: =AVERAGE(D71:D82) | E83: =AVERAGE(E71:E82)
B86: SKILL TAGS IN YOUR APPLICATIONS (FROM 'KEY TECHNOLOGIES / SKILLS')
B87: Skill Tag | C87: Applications | D87: Interviews | E87: Interview Rate | F87: Offers | G87: Frequency
B88: =Settings!$V$13 | C88: =SUMPRODUCT(ISNUMBER(SEARCH(","&SUBSTITUTE($B88," ","")&",",","&SUBSTITUTE(SUBSTITUTE(App_Skills," ",""),";",",")&","))*ISNUMBER(App_Stage)*(App_Stage>=1)) | D88: =SUMPRODUCT(ISNUMBER(SEARCH(","&SUBSTITUTE($B88," ","")&",",","&SUBSTITUTE(SUBSTITUTE(App_Skills," ",""),";",",")&","))*ISNUMBER(App_Stage)*(App_Stage>=3)) | E88: =IF(C88=0,"–",D88/C88) | F88: =SUMPRODUCT(ISNUMBER(SEARCH(","&SUBSTITUTE($B88," ","")&",",","&SUBSTITUTE(SUBSTITUTE(App_Skills," ",""),";",",")&","))*ISNUMBER(App_Stage)*(App_Stage>=6)) | G88: =IF(OR(NOT(ISNUMBER(C88)),MAX($C$88:$C$101)<=0),"",IF(C88<=0,"",REPT("█",MAX(1,ROUND(C88/MAX($C$88:$C$101)*14,0))))) | H88: -1
B89: =Settings!$V$14 | C89: =SUMPRODUCT(ISNUMBER(SEARCH(","&SUBSTITUTE($B89," ","")&",",","&SUBSTITUTE(SUBSTITUTE(App_Skills," ",""),";",",")&","))*ISNUMBER(App_Stage)*(App_Stage>=1)) | D89: =SUMPRODUCT(ISNUMBER(SEARCH(","&SUBSTITUTE($B89," ","")&",",","&SUBSTITUTE(SUBSTITUTE(App_Skills," ",""),";",",")&","))*ISNUMBER(App_Stage)*(App_Stage>=3)) | E89: =IF(C89=0,"–",D89/C89) | F89: =SUMPRODUCT(ISNUMBER(SEARCH(","&SUBSTITUTE($B89," ","")&",",","&SUBSTITUTE(SUBSTITUTE(App_Skills," ",""),";",",")&","))*ISNUMBER(App_Stage)*(App_Stage>=6)) | G89: =IF(OR(NOT(ISNUMBER(C89)),MAX($C$88:$C$101)<=0),"",IF(C89<=0,"",REPT("█",MAX(1,ROUND(C89/MAX($C$88:$C$101)*14,0))))) | H89: -1
B90: =Settings!$V$15 | C90: =SUMPRODUCT(ISNUMBER(SEARCH(","&SUBSTITUTE($B90," ","")&",",","&SUBSTITUTE(SUBSTITUTE(App_Skills," ",""),";",",")&","))*ISNUMBER(App_Stage)*(App_Stage>=1)) | D90: =SUMPRODUCT(ISNUMBER(SEARCH(","&SUBSTITUTE($B90," ","")&",",","&SUBSTITUTE(SUBSTITUTE(App_Skills," ",""),";",",")&","))*ISNUMBER(App_Stage)*(App_Stage>=3)) | E90: =IF(C90=0,"–",D90/C90) | F90: =SUMPRODUCT(ISNUMBER(SEARCH(","&SUBSTITUTE($B90," ","")&",",","&SUBSTITUTE(SUBSTITUTE(App_Skills," ",""),";",",")&","))*ISNUMBER(App_Stage)*(App_Stage>=6)) | G90: =IF(OR(NOT(ISNUMBER(C90)),MAX($C$88:$C$101)<=0),"",IF(C90<=0,"",REPT("█",MAX(1,ROUND(C90/MAX($C$88:$C$101)*14,0))))) | H90: -1
B91: =Settings!$V$16 | C91: =SUMPRODUCT(ISNUMBER(SEARCH(","&SUBSTITUTE($B91," ","")&",",","&SUBSTITUTE(SUBSTITUTE(App_Skills," ",""),";",",")&","))*ISNUMBER(App_Stage)*(App_Stage>=1)) | D91: =SUMPRODUCT(ISNUMBER(SEARCH(","&SUBSTITUTE($B91," ","")&",",","&SUBSTITUTE(SUBSTITUTE(App_Skills," ",""),";",",")&","))*ISNUMBER(App_Stage)*(App_Stage>=3)) | E91: =IF(C91=0,"–",D91/C91) | F91: =SUMPRODUCT(ISNUMBER(SEARCH(","&SUBSTITUTE($B91," ","")&",",","&SUBSTITUTE(SUBSTITUTE(App_Skills," ",""),";",",")&","))*ISNUMBER(App_Stage)*(App_Stage>=6)) | G91: =IF(OR(NOT(ISNUMBER(C91)),MAX($C$88:$C$101)<=0),"",IF(C91<=0,"",REPT("█",MAX(1,ROUND(C91/MAX($C$88:$C$101)*14,0))))) | H91: -1
B92: =Settings!$V$17 | C92: =SUMPRODUCT(ISNUMBER(SEARCH(","&SUBSTITUTE($B92," ","")&",",","&SUBSTITUTE(SUBSTITUTE(App_Skills," ",""),";",",")&","))*ISNUMBER(App_Stage)*(App_Stage>=1)) | D92: =SUMPRODUCT(ISNUMBER(SEARCH(","&SUBSTITUTE($B92," ","")&",",","&SUBSTITUTE(SUBSTITUTE(App_Skills," ",""),";",",")&","))*ISNUMBER(App_Stage)*(App_Stage>=3)) | E92: =IF(C92=0,"–",D92/C92) | F92: =SUMPRODUCT(ISNUMBER(SEARCH(","&SUBSTITUTE($B92," ","")&",",","&SUBSTITUTE(SUBSTITUTE(App_Skills," ",""),";",",")&","))*ISNUMBER(App_Stage)*(App_Stage>=6)) | G92: =IF(OR(NOT(ISNUMBER(C92)),MAX($C$88:$C$101)<=0),"",IF(C92<=0,"",REPT("█",MAX(1,ROUND(C92/MAX($C$88:$C$101)*14,0))))) | H92: -1
B93: =Settings!$V$18 | C93: =SUMPRODUCT(ISNUMBER(SEARCH(","&SUBSTITUTE($B93," ","")&",",","&SUBSTITUTE(SUBSTITUTE(App_Skills," ",""),";",",")&","))*ISNUMBER(App_Stage)*(App_Stage>=1)) | D93: =SUMPRODUCT(ISNUMBER(SEARCH(","&SUBSTITUTE($B93," ","")&",",","&SUBSTITUTE(SUBSTITUTE(App_Skills," ",""),";",",")&","))*ISNUMBER(App_Stage)*(App_Stage>=3)) | E93: =IF(C93=0,"–",D93/C93) | F93: =SUMPRODUCT(ISNUMBER(SEARCH(","&SUBSTITUTE($B93," ","")&",",","&SUBSTITUTE(SUBSTITUTE(App_Skills," ",""),";",",")&","))*ISNUMBER(App_Stage)*(App_Stage>=6)) | G93: =IF(OR(NOT(ISNUMBER(C93)),MAX($C$88:$C$101)<=0),"",IF(C93<=0,"",REPT("█",MAX(1,ROUND(C93/MAX($C$88:$C$101)*14,0))))) | H93: -1
B94: =Settings!$V$19 | C94: =SUMPRODUCT(ISNUMBER(SEARCH(","&SUBSTITUTE($B94," ","")&",",","&SUBSTITUTE(SUBSTITUTE(App_Skills," ",""),";",",")&","))*ISNUMBER(App_Stage)*(App_Stage>=1)) | D94: =SUMPRODUCT(ISNUMBER(SEARCH(","&SUBSTITUTE($B94," ","")&",",","&SUBSTITUTE(SUBSTITUTE(App_Skills," ",""),";",",")&","))*ISNUMBER(App_Stage)*(App_Stage>=3)) | E94: =IF(C94=0,"–",D94/C94) | F94: =SUMPRODUCT(ISNUMBER(SEARCH(","&SUBSTITUTE($B94," ","")&",",","&SUBSTITUTE(SUBSTITUTE(App_Skills," ",""),";",",")&","))*ISNUMBER(App_Stage)*(App_Stage>=6)) | G94: =IF(OR(NOT(ISNUMBER(C94)),MAX($C$88:$C$101)<=0),"",IF(C94<=0,"",REPT("█",MAX(1,ROUND(C94/MAX($C$88:$C$101)*14,0))))) | H94: -1
B95: =Settings!$V$20 | C95: =SUMPRODUCT(ISNUMBER(SEARCH(","&SUBSTITUTE($B95," ","")&",",","&SUBSTITUTE(SUBSTITUTE(App_Skills," ",""),";",",")&","))*ISNUMBER(App_Stage)*(App_Stage>=1)) | D95: =SUMPRODUCT(ISNUMBER(SEARCH(","&SUBSTITUTE($B95," ","")&",",","&SUBSTITUTE(SUBSTITUTE(App_Skills," ",""),";",",")&","))*ISNUMBER(App_Stage)*(App_Stage>=3)) | E95: =IF(C95=0,"–",D95/C95) | F95: =SUMPRODUCT(ISNUMBER(SEARCH(","&SUBSTITUTE($B95," ","")&",",","&SUBSTITUTE(SUBSTITUTE(App_Skills," ",""),";",",")&","))*ISNUMBER(App_Stage)*(App_Stage>=6)) | G95: =IF(OR(NOT(ISNUMBER(C95)),MAX($C$88:$C$101)<=0),"",IF(C95<=0,"",REPT("█",MAX(1,ROUND(C95/MAX($C$88:$C$101)*14,0))))) | H95: -1
B96: =Settings!$V$21 | C96: =SUMPRODUCT(ISNUMBER(SEARCH(","&SUBSTITUTE($B96," ","")&",",","&SUBSTITUTE(SUBSTITUTE(App_Skills," ",""),";",",")&","))*ISNUMBER(App_Stage)*(App_Stage>=1)) | D96: =SUMPRODUCT(ISNUMBER(SEARCH(","&SUBSTITUTE($B96," ","")&",",","&SUBSTITUTE(SUBSTITUTE(App_Skills," ",""),";",",")&","))*ISNUMBER(App_Stage)*(App_Stage>=3)) | E96: =IF(C96=0,"–",D96/C96) | F96: =SUMPRODUCT(ISNUMBER(SEARCH(","&SUBSTITUTE($B96," ","")&",",","&SUBSTITUTE(SUBSTITUTE(App_Skills," ",""),";",",")&","))*ISNUMBER(App_Stage)*(App_Stage>=6)) | G96: =IF(OR(NOT(ISNUMBER(C96)),MAX($C$88:$C$101)<=0),"",IF(C96<=0,"",REPT("█",MAX(1,ROUND(C96/MAX($C$88:$C$101)*14,0))))) | H96: -1
B97: =Settings!$V$22 | C97: =SUMPRODUCT(ISNUMBER(SEARCH(","&SUBSTITUTE($B97," ","")&",",","&SUBSTITUTE(SUBSTITUTE(App_Skills," ",""),";",",")&","))*ISNUMBER(App_Stage)*(App_Stage>=1)) | D97: =SUMPRODUCT(ISNUMBER(SEARCH(","&SUBSTITUTE($B97," ","")&",",","&SUBSTITUTE(SUBSTITUTE(App_Skills," ",""),";",",")&","))*ISNUMBER(App_Stage)*(App_Stage>=3)) | E97: =IF(C97=0,"–",D97/C97) | F97: =SUMPRODUCT(ISNUMBER(SEARCH(","&SUBSTITUTE($B97," ","")&",",","&SUBSTITUTE(SUBSTITUTE(App_Skills," ",""),";",",")&","))*ISNUMBER(App_Stage)*(App_Stage>=6)) | G97: =IF(OR(NOT(ISNUMBER(C97)),MAX($C$88:$C$101)<=0),"",IF(C97<=0,"",REPT("█",MAX(1,ROUND(C97/MAX($C$88:$C$101)*14,0))))) | H97: -1
B98: =Settings!$V$23 | C98: =SUMPRODUCT(ISNUMBER(SEARCH(","&SUBSTITUTE($B98," ","")&",",","&SUBSTITUTE(SUBSTITUTE(App_Skills," ",""),";",",")&","))*ISNUMBER(App_Stage)*(App_Stage>=1)) | D98: =SUMPRODUCT(ISNUMBER(SEARCH(","&SUBSTITUTE($B98," ","")&",",","&SUBSTITUTE(SUBSTITUTE(App_Skills," ",""),";",",")&","))*ISNUMBER(App_Stage)*(App_Stage>=3)) | E98: =IF(C98=0,"–",D98/C98) | F98: =SUMPRODUCT(ISNUMBER(SEARCH(","&SUBSTITUTE($B98," ","")&",",","&SUBSTITUTE(SUBSTITUTE(App_Skills," ",""),";",",")&","))*ISNUMBER(App_Stage)*(App_Stage>=6)) | G98: =IF(OR(NOT(ISNUMBER(C98)),MAX($C$88:$C$101)<=0),"",IF(C98<=0,"",REPT("█",MAX(1,ROUND(C98/MAX($C$88:$C$101)*14,0))))) | H98: -1
B99: =Settings!$V$24 | C99: =SUMPRODUCT(ISNUMBER(SEARCH(","&SUBSTITUTE($B99," ","")&",",","&SUBSTITUTE(SUBSTITUTE(App_Skills," ",""),";",",")&","))*ISNUMBER(App_Stage)*(App_Stage>=1)) | D99: =SUMPRODUCT(ISNUMBER(SEARCH(","&SUBSTITUTE($B99," ","")&",",","&SUBSTITUTE(SUBSTITUTE(App_Skills," ",""),";",",")&","))*ISNUMBER(App_Stage)*(App_Stage>=3)) | E99: =IF(C99=0,"–",D99/C99) | F99: =SUMPRODUCT(ISNUMBER(SEARCH(","&SUBSTITUTE($B99," ","")&",",","&SUBSTITUTE(SUBSTITUTE(App_Skills," ",""),";",",")&","))*ISNUMBER(App_Stage)*(App_Stage>=6)) | G99: =IF(OR(NOT(ISNUMBER(C99)),MAX($C$88:$C$101)<=0),"",IF(C99<=0,"",REPT("█",MAX(1,ROUND(C99/MAX($C$88:$C$101)*14,0))))) | H99: -1
B100: =Settings!$V$25 | C100: =SUMPRODUCT(ISNUMBER(SEARCH(","&SUBSTITUTE($B100," ","")&",",","&SUBSTITUTE(SUBSTITUTE(App_Skills," ",""),";",",")&","))*ISNUMBER(App_Stage)*(App_Stage>=1)) | D100: =SUMPRODUCT(ISNUMBER(SEARCH(","&SUBSTITUTE($B100," ","")&",",","&SUBSTITUTE(SUBSTITUTE(App_Skills," ",""),";",",")&","))*ISNUMBER(App_Stage)*(App_Stage>=3)) | E100: =IF(C100=0,"–",D100/C100) | F100: =SUMPRODUCT(ISNUMBER(SEARCH(","&SUBSTITUTE($B100," ","")&",",","&SUBSTITUTE(SUBSTITUTE(App_Skills," ",""),";",",")&","))*ISNUMBER(App_Stage)*(App_Stage>=6)) | G100: =IF(OR(NOT(ISNUMBER(C100)),MAX($C$88:$C$101)<=0),"",IF(C100<=0,"",REPT("█",MAX(1,ROUND(C100/MAX($C$88:$C$101)*14,0))))) | H100: -1
B101: =Settings!$V$26 | C101: =SUMPRODUCT(ISNUMBER(SEARCH(","&SUBSTITUTE($B101," ","")&",",","&SUBSTITUTE(SUBSTITUTE(App_Skills," ",""),";",",")&","))*ISNUMBER(App_Stage)*(App_Stage>=1)) | D101: =SUMPRODUCT(ISNUMBER(SEARCH(","&SUBSTITUTE($B101," ","")&",",","&SUBSTITUTE(SUBSTITUTE(App_Skills," ",""),";",",")&","))*ISNUMBER(App_Stage)*(App_Stage>=3)) | E101: =IF(C101=0,"–",D101/C101) | F101: =SUMPRODUCT(ISNUMBER(SEARCH(","&SUBSTITUTE($B101," ","")&",",","&SUBSTITUTE(SUBSTITUTE(App_Skills," ",""),";",",")&","))*ISNUMBER(App_Stage)*(App_Stage>=6)) | G101: =IF(OR(NOT(ISNUMBER(C101)),MAX($C$88:$C$101)<=0),"",IF(C101<=0,"",REPT("█",MAX(1,ROUND(C101/MAX($C$88:$C$101)*14,0))))) | H101: -1
B104: ACTIVE APPLICATIONS — FURTHEST ALONG FIRST
B105: Company — Job Title | C105: Status | D105: Date Applied | E105: Days Since Applied | F105: Priority | G105: Next Action Date
B106: =IF($H106="","",INDEX(App_Company,$H106)&IF(INDEX(App_JobTitle,$H106)="",""," — "&INDEX(App_JobTitle,$H106))) | C106: =IF($H106="","",INDEX(App_Status,$H106)&"") | D106: =IF($H106="","",IF(ISNUMBER(INDEX(App_DateApplied,$H106)),INDEX(App_DateApplied,$H106),"")) | E106: =IF($H106="","",IF(ISNUMBER(INDEX(App_DateApplied,$H106)),TODAY()-INT(INDEX(App_DateApplied,$H106)),"")) | F106: =IF($H106="","",INDEX(App_Priority,$H106)&"") | G106: =IF($H106="","",IF(ISNUMBER(INDEX(App_NextDate,$H106)),INDEX(App_NextDate,$H106),"")) | H106: =IFERROR(MATCH(SMALL(App_ActiveKey,1),App_ActiveKey,0),"")
B107: =IF($H107="","",INDEX(App_Company,$H107)&IF(INDEX(App_JobTitle,$H107)="",""," — "&INDEX(App_JobTitle,$H107))) | C107: =IF($H107="","",INDEX(App_Status,$H107)&"") | D107: =IF($H107="","",IF(ISNUMBER(INDEX(App_DateApplied,$H107)),INDEX(App_DateApplied,$H107),"")) | E107: =IF($H107="","",IF(ISNUMBER(INDEX(App_DateApplied,$H107)),TODAY()-INT(INDEX(App_DateApplied,$H107)),"")) | F107: =IF($H107="","",INDEX(App_Priority,$H107)&"") | G107: =IF($H107="","",IF(ISNUMBER(INDEX(App_NextDate,$H107)),INDEX(App_NextDate,$H107),"")) | H107: =IFERROR(MATCH(SMALL(App_ActiveKey,2),App_ActiveKey,0),"")
B108: =IF($H108="","",INDEX(App_Company,$H108)&IF(INDEX(App_JobTitle,$H108)="",""," — "&INDEX(App_JobTitle,$H108))) | C108: =IF($H108="","",INDEX(App_Status,$H108)&"") | D108: =IF($H108="","",IF(ISNUMBER(INDEX(App_DateApplied,$H108)),INDEX(App_DateApplied,$H108),"")) | E108: =IF($H108="","",IF(ISNUMBER(INDEX(App_DateApplied,$H108)),TODAY()-INT(INDEX(App_DateApplied,$H108)),"")) | F108: =IF($H108="","",INDEX(App_Priority,$H108)&"") | G108: =IF($H108="","",IF(ISNUMBER(INDEX(App_NextDate,$H108)),INDEX(App_NextDate,$H108),"")) | H108: =IFERROR(MATCH(SMALL(App_ActiveKey,3),App_ActiveKey,0),"")
B109: =IF($H109="","",INDEX(App_Company,$H109)&IF(INDEX(App_JobTitle,$H109)="",""," — "&INDEX(App_JobTitle,$H109))) | C109: =IF($H109="","",INDEX(App_Status,$H109)&"") | D109: =IF($H109="","",IF(ISNUMBER(INDEX(App_DateApplied,$H109)),INDEX(App_DateApplied,$H109),"")) | E109: =IF($H109="","",IF(ISNUMBER(INDEX(App_DateApplied,$H109)),TODAY()-INT(INDEX(App_DateApplied,$H109)),"")) | F109: =IF($H109="","",INDEX(App_Priority,$H109)&"") | G109: =IF($H109="","",IF(ISNUMBER(INDEX(App_NextDate,$H109)),INDEX(App_NextDate,$H109),"")) | H109: =IFERROR(MATCH(SMALL(App_ActiveKey,4),App_ActiveKey,0),"")
B110: =IF($H110="","",INDEX(App_Company,$H110)&IF(INDEX(App_JobTitle,$H110)="",""," — "&INDEX(App_JobTitle,$H110))) | C110: =IF($H110="","",INDEX(App_Status,$H110)&"") | D110: =IF($H110="","",IF(ISNUMBER(INDEX(App_DateApplied,$H110)),INDEX(App_DateApplied,$H110),"")) | E110: =IF($H110="","",IF(ISNUMBER(INDEX(App_DateApplied,$H110)),TODAY()-INT(INDEX(App_DateApplied,$H110)),"")) | F110: =IF($H110="","",INDEX(App_Priority,$H110)&"") | G110: =IF($H110="","",IF(ISNUMBER(INDEX(App_NextDate,$H110)),INDEX(App_NextDate,$H110),"")) | H110: =IFERROR(MATCH(SMALL(App_ActiveKey,5),App_ActiveKey,0),"")
B111: =IF($H111="","",INDEX(App_Company,$H111)&IF(INDEX(App_JobTitle,$H111)="",""," — "&INDEX(App_JobTitle,$H111))) | C111: =IF($H111="","",INDEX(App_Status,$H111)&"") | D111: =IF($H111="","",IF(ISNUMBER(INDEX(App_DateApplied,$H111)),INDEX(App_DateApplied,$H111),"")) | E111: =IF($H111="","",IF(ISNUMBER(INDEX(App_DateApplied,$H111)),TODAY()-INT(INDEX(App_DateApplied,$H111)),"")) | F111: =IF($H111="","",INDEX(App_Priority,$H111)&"") | G111: =IF($H111="","",IF(ISNUMBER(INDEX(App_NextDate,$H111)),INDEX(App_NextDate,$H111),"")) | H111: =IFERROR(MATCH(SMALL(App_ActiveKey,6),App_ActiveKey,0),"")
B112: =IF($H112="","",INDEX(App_Company,$H112)&IF(INDEX(App_JobTitle,$H112)="",""," — "&INDEX(App_JobTitle,$H112))) | C112: =IF($H112="","",INDEX(App_Status,$H112)&"") | D112: =IF($H112="","",IF(ISNUMBER(INDEX(App_DateApplied,$H112)),INDEX(App_DateApplied,$H112),"")) | E112: =IF($H112="","",IF(ISNUMBER(INDEX(App_DateApplied,$H112)),TODAY()-INT(INDEX(App_DateApplied,$H112)),"")) | F112: =IF($H112="","",INDEX(App_Priority,$H112)&"") | G112: =IF($H112="","",IF(ISNUMBER(INDEX(App_NextDate,$H112)),INDEX(App_NextDate,$H112),"")) | H112: =IFERROR(MATCH(SMALL(App_ActiveKey,7),App_ActiveKey,0),"")
B113: =IF($H113="","",INDEX(App_Company,$H113)&IF(INDEX(App_JobTitle,$H113)="",""," — "&INDEX(App_JobTitle,$H113))) | C113: =IF($H113="","",INDEX(App_Status,$H113)&"") | D113: =IF($H113="","",IF(ISNUMBER(INDEX(App_DateApplied,$H113)),INDEX(App_DateApplied,$H113),"")) | E113: =IF($H113="","",IF(ISNUMBER(INDEX(App_DateApplied,$H113)),TODAY()-INT(INDEX(App_DateApplied,$H113)),"")) | F113: =IF($H113="","",INDEX(App_Priority,$H113)&"") | G113: =IF($H113="","",IF(ISNUMBER(INDEX(App_NextDate,$H113)),INDEX(App_NextDate,$H113),"")) | H113: =IFERROR(MATCH(SMALL(App_ActiveKey,8),App_ActiveKey,0),"")
B114: =IF($H114="","",INDEX(App_Company,$H114)&IF(INDEX(App_JobTitle,$H114)="",""," — "&INDEX(App_JobTitle,$H114))) | C114: =IF($H114="","",INDEX(App_Status,$H114)&"") | D114: =IF($H114="","",IF(ISNUMBER(INDEX(App_DateApplied,$H114)),INDEX(App_DateApplied,$H114),"")) | E114: =IF($H114="","",IF(ISNUMBER(INDEX(App_DateApplied,$H114)),TODAY()-INT(INDEX(App_DateApplied,$H114)),"")) | F114: =IF($H114="","",INDEX(App_Priority,$H114)&"") | G114: =IF($H114="","",IF(ISNUMBER(INDEX(App_NextDate,$H114)),INDEX(App_NextDate,$H114),"")) | H114: =IFERROR(MATCH(SMALL(App_ActiveKey,9),App_ActiveKey,0),"")
B115: =IF($H115="","",INDEX(App_Company,$H115)&IF(INDEX(App_JobTitle,$H115)="",""," — "&INDEX(App_JobTitle,$H115))) | C115: =IF($H115="","",INDEX(App_Status,$H115)&"") | D115: =IF($H115="","",IF(ISNUMBER(INDEX(App_DateApplied,$H115)),INDEX(App_DateApplied,$H115),"")) | E115: =IF($H115="","",IF(ISNUMBER(INDEX(App_DateApplied,$H115)),TODAY()-INT(INDEX(App_DateApplied,$H115)),"")) | F115: =IF($H115="","",INDEX(App_Priority,$H115)&"") | G115: =IF($H115="","",IF(ISNUMBER(INDEX(App_NextDate,$H115)),INDEX(App_NextDate,$H115),"")) | H115: =IFERROR(MATCH(SMALL(App_ActiveKey,10),App_ActiveKey,0),"")
...

Sheet Settings
B1: Settings
B2: Change the yellow values any time — every formula, flag and highlight follows them.
B4: CONFIGURABLE VALUES | E4: VALUE | F4: WHAT IT DOES
B5: Default Follow-up Days | E5: 7 | F5: Days after Date Applied with no reply (and no Next Action Date set) before an application is flagged NO RESPONSE. This is your own rule of thumb, not a fact about any company.
B6: Due-Soon Window (days) | E6: 3 | F6: Next Action, Follow-up and Next Step dates within this many days turn yellow and show as DUE SOON.
B7: Upcoming Interview Window (days) | E7: 14 | F7: Interviews within this many days are listed under Upcoming Interviews on the Follow-Ups tab.
B8: Minimum Applications for a 'Best' Callout | E8: 5 | F8: Analytics only names a CV version, source, role or match band as 'best' once that group has at least this many applications, so one lucky application doesn't mislead you.
B10: DROPDOWN LISTS
B11: Rename items freely — except the two lists marked FIXED, which formulas rely on. Renaming doesn't change rows that already use the old name.
B12: Job Type | C12: Work Mode | D12: Source | E12: Priority | F12: Status · FIXED | G12: Cover Letter | H12: Yes / No | I12: CV Version | J12: Role Category | K12: Stage When Closed · FIXED | L12: Industry | M12: AI Relevance | N12: Company Status | O12: Relationship | P12: Response | Q12: Referral Potential | R12: Interview Stage | S12: Interview Type | T12: Preparation Status | U12: My Performance | V12: Skill Tags
B13: Full-time | C13: Remote | D13: LinkedIn | E13: High | F13: Wishlist | G13: Yes | H13: Yes | I13: AI Engineer CV | J13: AI Engineer | K13: Applied | L13: AI / ML | M13: High | N13: Researching | O13: Recruiter | P13: No Response | Q13: High | R13: Screening | S13: Recruiter | T13: Not Started | U13: Poor | V13: LLMs
B14: Werkstudent | C14: Hybrid | D14: Company Website | E14: Medium | F14: Applied | G14: No | H14: No | I14: Generative AI CV | J14: Generative AI Engineer | K14: Screening | L14: SaaS | M14: Medium | N14: Watching | O14: Hiring Manager | P14: Positive | Q14: Medium | R14: Interview 1 | S14: HR | T14: In Progress | U14: Needs Improvement | V14: RAG
B15: Internship | C15: On-site | D15: Indeed | E15: Low | F15: Screening | G15: Not Required | I15: AI Automation CV | J15: Agentic AI Engineer | K15: Interview 1 | L15: Enterprise Software | M15: Low | N15: Networking | O15: Employee | P15: Neutral | Q15: Low | R15: Interview 2 | S15: Technical | T15: Ready | U15: Good | V15: Agentic AI
B16: Working Student | D16: StepStone | F16: Interview 1 | I16: AI Solutions CV | J16: AI Automation Engineer | K16: Interview 2 | L16: Automotive | N16: Ready to Apply | O16: Alumni | P16: Negative | Q16: Unknown | R16: Interview 3+ | S16: Coding | T16: Completed | U16: Very Good | V16: Multi-Agent Systems
B17: Contract | D17: Glassdoor | F17: Interview 2 | I17: General Software CV | J17: AI Solutions Engineer | K17: Final | L17: Consulting | N17: Applied | O17: Former Colleague | P17: Meeting | R17: Final | S17: AI/ML Technical | U17: Excellent | V17: Python
B18: Freelance | D18: Recruiter | F18: Final | I18: Werkstudent AI CV | J18: AI/ML Engineer | K18: Offer | L18: Data | N18: Interviewing | O18: Friend / Personal | P18: Referral | R18: Other | S18: Hiring Manager | V18: LLM APIs
D19: Referral | F19: Offer | I19: Custom | J19: Applied AI Engineer | L19: Automation | N19: Offer | O19: Event Contact | S19: Case Study | V19: Vector Databases
D20: University | F20: Accepted | J20: AI Consultant | L20: FinTech | N20: Not a Fit | O20: Other | S20: Final | V20: SQL
D21: Networking | F21: Rejected | J21: AI Product / Solutions | L21: HealthTech | S21: Other | V21: PostgreSQL
D22: Other | F22: Withdrawn | J22: Werkstudent AI | L22: B2B SaaS | V22: Machine Learning
J23: Other | L23: Startup | V23: AI Automation
L24: Other | V24: Knowledge Management
V25: Human-in-the-Loop
V26: AI Agents
B28: Skill Tags isn't a dropdown: type several tags into 'Key Technologies / Skills' separated by commas. Analytics counts the tags listed here (case-insensitive).

Sheet Guide
B1: How to use this tracker
B2: A job-search CRM for AI Engineer · Generative AI · Agentic AI · AI Automation · AI Solutions roles.
B4: DAILY ROUTINE — 2 MINUTES
B5: 1. Open Follow-Ups | C5: Work top to bottom: overdue first, then due today, no response, due soon, contacts, interviews.
B6: 2. After each action | C6: On Applications, update Status, Next Action, Next Action Date and Last Updated.
B7: 3. Glance at the Dashboard | C7: Pipeline, conversion rates and this week's application count.
B8: Weekly | C8: Check Analytics: which CV version, source, role and match band actually lead to interviews?
B10: ADDING A JOB
B11: Wishlist | C11: Add a row with Company, Job Title, Job URL, Match %, Status = Wishlist. Copy the 'Next ID' into Application ID.
B12: When you apply | C12: Fill Date Applied, set Status = Applied, choose CV Version and Role Category, and set a Next Action + date.
B13: When they reply | C13: Enter First Response Date and move Status forward (Screening, Interview 1, …).
B14: If it closes | C14: Set Status = Rejected / Withdrawn. If it got past applying, also set Stage When Closed.
B15: Interviews | C15: Add one row per round on Interviews — it feeds Upcoming Interviews on Follow-Ups.
B17: COLOUR LEGEND
B18: White cells | C18: Your input.
B19: Grey cells | C19: Auto-calculated — don't type over them.
B20: Yellow cells (Settings) | C20: Configurable values: follow-up days, due-soon window, etc.
B22: STATUS PIPELINE
B23: Wishlist | C23: Saved, not applied yet.
B24: Applied | C24: Submitted, waiting for a reply.
B25: Screening | C25: Recruiter / HR screening.
B26: Interview 1 | C26: First interview round.
B27: Interview 2 | C27: Second interview round.
B28: Final | C28: Final round.
B29: Offer | C29: Offer received.
B30: Accepted | C30: Offer accepted.
B31: Rejected | C31: Closed by the company — set Stage When Closed if it got past applying.
B32: Withdrawn | C32: You withdrew — set Stage When Closed if you had applied.
B34: ACTION FLAGS (APPLICATIONS → ACTION FLAG, AND THE FOLLOW-UPS TAB)
B35: FOLLOW UP REQUIRED | C35: Next Action Date is in the past and the application is still open.
B36: ACTION DUE TODAY | C36: Next Action Date is today.
B37: NO RESPONSE | C37: Status is Applied, no First Response Date, no Next Action Date set, and Date Applied is at least 'Default Follow-up Days' ago (Settings).
B38: DUE SOON | C38: Next Action Date falls within the Due-Soon Window (Settings).
B39: (none) | C39: Closed applications (Rejected, Withdrawn, Accepted) never get a flag.
B41: MATCH % BANDS — YOUR OWN ASSESSMENT, NOT AN OBJECTIVE SCORE
B42: Excellent Match | C42: 90–100%
B43: Strong Match | C43: 75–89%
B44: Moderate Match | C44: 60–74%
B45: Low Match | C45: below 60%
B47: HOW THE NUMBERS ARE CALCULATED
B48: Total Applications | C48: Rows whose status is beyond Wishlist (Rejected counts as applied).
B49: This Week / This Month | C49: By Date Applied. Weeks run Monday–Sunday.
B50: Active | C50: Applied, Screening, Interview 1/2, Final or Offer — not yet closed.
B51: Interviews | C51: Reached Interview 1 or later, including applications later rejected (via Stage When Closed). Screening alone doesn't count.
B52: Conversion rates | C52: Application → Interview = Interviews ÷ Total · Interview → Final = Finals ÷ Interviews · Final → Offer = Offers ÷ Finals · Overall Offer Rate = Offers ÷ Total.
B53: Avg. Days to First Response | C53: Average of First Response Date − Date Applied, for rows that have both.
B54: Best performer | C54: Highest interview rate among groups with at least the minimum sample size (Settings).
B55: Skill tags | C55: A tag counts when it appears in Key Technologies / Skills between commas, e.g. 'LLMs, RAG'. Case doesn't matter.
B57: EXAMPLE ENTRY — FOR REFERENCE ONLY, NOT COUNTED ANYWHERE
B58: Column | C58: Example | D58: Tip
B59: Application ID | C59: 1 → shows as APP-001 | D59: Type the 'Next ID' shown above the Applications header. It moves with the row when you sort.
B60: Date Added | C60: 46296 | D60: When you saved the job. Ctrl+; inserts today's date.
B61: Date Applied | C61: 46297 | D61: Leave blank while the job is on your Wishlist. Drives weekly counts and NO RESPONSE alerts.
B62: Company | C62: Example GmbH (sample) | D62: Use the same spelling on Companies and Contacts so their counts link up.
B63: Job Title | C63: Generative AI Engineer (m/w/d) | D63: Exact title from the posting.
B64: Job Type | C64: Full-time | D64: Dropdown.
B65: Location | C65: Stuttgart | D65: City or region.
B66: Remote / Hybrid / On-site | C66: Hybrid | D66: Dropdown.
B67: Job URL | C67: https://example.com/careers/genai-engineer | D67: Paste the posting link — it's clickable from Follow-Ups.
B68: Source | C68: LinkedIn | D68: Where you found it. Analytics compares interview rates per source.
B69: Priority | C69: High | D69: High / Medium / Low.
B70: Match % | C70: 85 → shows as 85%, Strong Match | D70: Your own fit estimate, 0–100. Not an objective score.
B71: Status | C71: Applied | D71: Current pipeline stage (see the status legend above).
B72: Next Action | C72: Follow up with the recruiter if no reply | D72: The single next thing you'll do.
B73: Next Action Date | C73: 46304 | D73: Red when overdue, yellow when due soon. Move or clear it once done.
B74: Recruiter / Hiring Manager | C74: Name of the recruiter
B75: Recruiter LinkedIn | C75: https://www.linkedin.com/in/…
B76: CV Version | C76: Generative AI CV | D76: Analytics shows which CV version gets the best interview rate.
B77: Cover Letter | C77: Yes | D77: Yes / No / Not Required.
B78: Referral | C78: No | D78: Yes / No.
B79: Salary / Salary Range | C79: €60–70k (estimate) | D79: Free text.
B80: Key Technologies / Skills | C80: LLMs, RAG, Python, Vector Databases, AI Agents | D80: Several tags separated by commas. Tags from Settings → Skill Tags are counted in Analytics.
B81: Why Me? | C81: Master's thesis focused on Agentic AI and intelligent knowledge management, with software background and experience with LLM/RAG concepts. | D81: 1–2 sentences. Reuse for cover letters, recruiter messages and 'why are you a good fit?' answers.
B82: Notes | C82: Team builds internal GenAI assistants; mention thesis on knowledge management.
B83: Last Updated | C83: 46297 | D83: Update whenever anything changes (Ctrl+;).
B84: Role Category | C84: Generative AI Engineer | D84: Extra field: groups job titles for the dashboard and analytics.
B85: First Response Date | C85: (blank until they reply) | D85: Extra field: date of the first reply — invite or rejection.
B86: Stage When Closed | C86: (blank — only for Rejected / Withdrawn) | D86: Extra field: e.g. Interview 2 if you were rejected after the second interview. Keeps interview stats honest.
B87: Action Flag | C87: (auto) | D87: FOLLOW UP REQUIRED / ACTION DUE TODAY / NO RESPONSE / DUE SOON.
B88: Match Category | C88: (auto) Strong Match | D88: From Match %.
B89: Furthest Stage | C89: (auto) Applied | D89: Status, or Stage When Closed for closed applications.
B90: Days to Response | C90: (auto) | D90: First Response Date − Date Applied.
B92: TIPS
B93: Sorting & filtering | C93: Use the filter arrows in the header row. Sorting keeps every row intact — IDs travel with their row.
B94: More than 1,000 jobs? | C94: Formulas use named ranges (Formulas → Name Manager). Extend the App_* ranges and copy the grey formula columns down.
B95: Adding dropdown items | C95: Rename items on Settings freely. To add one, extend that list's range in Data → Data Validation.
B96: Google Sheets | C96: File → Import → upload this .xlsx. Dropdowns, colours, formulas and the chart carry over.
B97: Privacy | C97: Contacts and notes are personal data — keep the file somewhere private.
